file;prover;time;result;
tptp-problems/euclid-native-eq/006_lemma_3_5b.p; Larusstl ; 0; Proved; 
tptp-problems/euclid-native-eq/006_lemma_congruencesymmetric.p; Larusstl ; 0; Proved; 
tptp-problems/euclid-native-eq/006_lemma_congruencetransitive.p; Larusstl ; 1; Proved; 
tptp-problems/euclid-native-eq/006_lemma_equalitysymmetric.p; Larusstl ; 0; Proved; 
tptp-problems/euclid-native-eq/006_proposition_31short.p; Larusstl ; 1; Proved; 
tptp-problems/euclid-native-eq/007_lemma_ETreflexive.p; Larusstl ; 1; Proved; 
tptp-problems/euclid-native-eq/007_lemma_ray2.p; Larusstl ; 0; Proved; 
tptp-problems/euclid-native-eq/007_lemma_ray5.p; Larusstl ; 1; Proved; 
tptp-problems/euclid-native-eq/007_lemma_raystrict.p; Larusstl ; 0; Proved; 
tptp-problems/euclid-native-eq/007_lemma_squarerectangle.p; Larusstl ; 0; Proved; 
tptp-problems/euclid-native-eq/008_lemma_3_6a.p; Larusstl ; 1; Proved; 
tptp-problems/euclid-native-eq/008_lemma_3_6b.p; Larusstl ; 0; Proved; 
tptp-problems/euclid-native-eq/008_lemma_3_7b.p; Larusstl ; 0; Proved; 
tptp-problems/euclid-native-eq/008_lemma_angleorderrespectscongruence2.p; Larusstl ; 1; Proved; 
tptp-problems/euclid-native-eq/008_lemma_equalanglesreflexive.p; Larusstl ; 0; Proved; 
tptp-problems/euclid-native-eq/008_lemma_lessthancongruence2.p; Larusstl ; 0; Proved; 
tptp-problems/euclid-native-eq/008_lemma_PGflip.p; Larusstl ; 1; Proved; 
tptp-problems/euclid-native-eq/008_lemma_supplementsymmetric.p; Larusstl ; 0; Proved; 
tptp-problems/euclid-native-eq/008_lemma_TCreflexive.p; Larusstl ; 0; Proved; 
tptp-problems/euclid-native-eq/008_lemma_TTorder.p; Larusstl ; 1; Proved; 
tptp-problems/euclid-native-eq/008_proposition_03.p; Larusstl ; 0; Proved; 
tptp-problems/euclid-native-eq/009_lemma_collinearorder.p; Larusstl ; 2; Proved; 
tptp-problems/euclid-native-eq/009_lemma_congruenceflip.p; Larusstl ; 1; Proved; 
tptp-problems/euclid-native-eq/009_lemma_doublereverse.p; Larusstl ; 0; Proved; 
tptp-problems/euclid-native-eq/009_lemma_equalangleshelper.p; Larusstl ; 101; Failed; 
tptp-problems/euclid-native-eq/009_lemma_lessthannotequal.p; Larusstl ; 0; Proved; 
tptp-problems/euclid-native-eq/009_lemma_oppositesideflip.p; Larusstl ; 101; Failed; 
tptp-problems/euclid-native-eq/009_lemma_PGrotate.p; Larusstl ; 0; Proved; 
tptp-problems/euclid-native-eq/009_lemma_PGsymmetric.p; Larusstl ; 0; Proved; 
tptp-problems/euclid-native-eq/009_lemma_RTcongruence.p; Larusstl ; 1; Proved; 
tptp-problems/euclid-native-eq/010_lemma_inequalitysymmetric.p; Larusstl ; 0; Proved; 
tptp-problems/euclid-native-eq/010_lemma_rayimpliescollinear.p; Larusstl ; 1; Proved; 
tptp-problems/euclid-native-eq/010_lemma_rectanglerotate.p; Larusstl ; 1; Proved; 
tptp-problems/euclid-native-eq/011_lemma_ray1.p; Larusstl ; 100; Failed; 
tptp-problems/euclid-native-eq/011_lemma_rightreverse.p; Larusstl ; 124; Failed; 
tptp-problems/euclid-native-eq/011_lemma_samesideflip.p; Larusstl ; 100; Failed; 
tptp-problems/euclid-native-eq/011_lemma_samesidetransitive.p; Larusstl ; 101; Failed; 
tptp-problems/euclid-native-eq/011_lemma_supplementofright.p; Larusstl ; 0; Proved; 
tptp-problems/euclid-native-eq/011_lemma_TTflip.p; Larusstl ; 1; Proved; 
tptp-problems/euclid-native-eq/012_lemma_3_7a.p; Larusstl ; 0; Proved; 
tptp-problems/euclid-native-eq/012_lemma_lessthanbetween.p; Larusstl ; 1; Proved; 
tptp-problems/euclid-native-eq/013_lemma_samesidesymmetric.p; Larusstl ; 100; Failed; 
tptp-problems/euclid-native-eq/013_lemma_squareflip.p; Larusstl ; 100; Failed; 
tptp-problems/euclid-native-eq/014_lemma_localextension.p; Larusstl ; 103; Failed; 
tptp-problems/euclid-native-eq/014_lemma_RTsymmetric.p; Larusstl ; 0; Proved; 
tptp-problems/euclid-native-eq/014_lemma_samenotopposite.p; Larusstl ; 100; Failed; 
tptp-problems/euclid-native-eq/015_lemma_crossimpliesopposite.p; Larusstl ; 101; Failed; 
tptp-problems/euclid-native-eq/015_lemma_parallelsymmetric.p; Larusstl ; 118; Failed; 
tptp-problems/euclid-native-eq/015_lemma_rectanglereverse.p; Larusstl ; 100; Failed; 
tptp-problems/euclid-native-eq/015_proposition_05.p; Larusstl ; 5; Proved; 
tptp-problems/euclid-native-eq/016_lemma_supplements2.p; Larusstl ; 40; Proved; 
tptp-problems/euclid-native-eq/017_lemma_collinear5.p; Larusstl ; 101; Failed; 
tptp-problems/euclid-native-eq/017_lemma_equalanglesflip.p; Larusstl ; 0; Proved; 
tptp-problems/euclid-native-eq/017_lemma_partnotequalwhole.p; Larusstl ; 118; Failed; 
tptp-problems/euclid-native-eq/017_lemma_samesidereflexive.p; Larusstl ; 100; Failed; 
tptp-problems/euclid-native-eq/017_lemma_trichotomy2.p; Larusstl ; 118; Failed; 
tptp-problems/euclid-native-eq/018_lemma_extensionunique.p; Larusstl ; 101; Failed; 
tptp-problems/euclid-native-eq/018_lemma_layoff.p; Larusstl ; 100; Failed; 
tptp-problems/euclid-native-eq/018_lemma_samesidecollinear.p; Larusstl ; 136; Failed; 
tptp-problems/euclid-native-eq/018_proposition_06.p; Larusstl ; 100; Failed; 
tptp-problems/euclid-native-eq/020_lemma_TGsymmetric.p; Larusstl ; 124; Failed; 
tptp-problems/euclid-native-eq/020_proposition_13.p; Larusstl ; 101; Failed; 
tptp-problems/euclid-native-eq/021_lemma_together.p; Larusstl ; 119; Failed; 
tptp-problems/euclid-native-eq/021_proposition_05b.p; Larusstl ; 7; Proved; 
tptp-problems/euclid-native-eq/022_lemma_TGflip.p; Larusstl ; 137; Failed; 
tptp-problems/euclid-native-eq/022_proposition_33B.p; Larusstl ; 101; Failed; 
tptp-problems/euclid-native-eq/023_lemma_collinearparallel.p; Larusstl ; 136; Failed; 
tptp-problems/euclid-native-eq/023_lemma_NChelper.p; Larusstl ; 100; Failed; 
tptp-problems/euclid-native-eq/024_lemma_betweennesspreserved.p; Larusstl ; 137; Failed; 
tptp-problems/euclid-native-eq/024_lemma_TTtransitive.p; Larusstl ; 136; Failed; 
tptp-problems/euclid-native-eq/025_lemma_NCdistinct.p; Larusstl ; 0; Failed; 
tptp-problems/euclid-native-eq/025_lemma_righttogether.p; Larusstl ; 113; Failed; 
tptp-problems/euclid-native-eq/025_lemma_TTflip2.p; Larusstl ; 136; Failed; 
tptp-problems/euclid-native-eq/025_lemma_twoperpsparallel.p; Larusstl ; 118; Failed; 
tptp-problems/euclid-native-eq/025_proposition_11.p; Larusstl ; 118; Failed; 
tptp-problems/euclid-native-eq/025_proposition_27B.p; Larusstl ; 119; Failed; 
tptp-problems/euclid-native-eq/026_proposition_26B.p; Larusstl ; 100; Failed; 
tptp-problems/euclid-native-eq/026_proposition_28C.p; Larusstl ; 136; Failed; 
tptp-problems/euclid-native-eq/026_proposition_28D.p; Larusstl ; 136; Failed; 
tptp-problems/euclid-native-eq/026_proposition_41.p; Larusstl ; 118; Failed; 
tptp-problems/euclid-native-eq/027_lemma_betweennotequal.p; Larusstl ; 1; Proved; 
tptp-problems/euclid-native-eq/027_lemma_erectedperpendicularunique.p; Larusstl ; 118; Failed; 
tptp-problems/euclid-native-eq/030_lemma_ray4_1.p; Larusstl ; 1; Proved; 
tptp-problems/euclid-native-eq/030_lemma_ray4_2.p; Larusstl ; 100; Failed; 
tptp-problems/euclid-native-eq/030_lemma_ray4_3.p; Larusstl ; 1; Proved; 
tptp-problems/euclid-native-eq/030_lemma_ray.p; Larusstl ; 136; Failed; 
tptp-problems/euclid-native-eq/030_lemma_trichotomy1.p; Larusstl ; 136; Failed; 
tptp-problems/euclid-native-eq/031_proposition_23C.p; Larusstl ; 136; Failed; 
tptp-problems/euclid-native-eq/032_lemma_8_3.p; Larusstl ; 136; Failed; 
tptp-problems/euclid-native-eq/032_lemma_ray3.p; Larusstl ; 127; Failed; 
tptp-problems/euclid-native-eq/033_lemma_collinear1.p; Larusstl ; 0; Failed; 
tptp-problems/euclid-native-eq/033_proposition_28A.p; Larusstl ; 136; Failed; 
tptp-problems/euclid-native-eq/034_lemma_extension.p; Larusstl ; 136; Failed; 
tptp-problems/euclid-native-eq/034_lemma_NCorder.p; Larusstl ; 4; Proved; 
tptp-problems/euclid-native-eq/034_lemma_Playfair.p; Larusstl ; 100; Failed; 
tptp-problems/euclid-native-eq/035_lemma_collinear2.p; Larusstl ; 0; Failed; 
tptp-problems/euclid-native-eq/035_lemma_EFreflexive.p; Larusstl ; 120; Failed; 
tptp-problems/euclid-native-eq/035_proposition_28B.p; Larusstl ; 136; Failed; 
tptp-problems/euclid-native-eq/035_proposition_43.p; Larusstl ; 136; Failed; 
tptp-problems/euclid-native-eq/036_lemma_8_7.p; Larusstl ; 118; Failed; 
tptp-problems/euclid-native-eq/038_lemma_ondiameter.p; Larusstl ; 101; Failed; 
tptp-problems/euclid-native-eq/038_proposition_25.p; Larusstl ; 100; Failed; 
tptp-problems/euclid-native-eq/039_lemma_ABCequalsCBA.p; Larusstl ; 136; Failed; 
tptp-problems/euclid-native-eq/040_lemma_parallelNC.p; Larusstl ; 118; Failed; 
tptp-problems/euclid-native-eq/040_proposition_02.p; Larusstl ; 136; Failed; 
tptp-problems/euclid-native-eq/040_proposition_36A.p; Larusstl ; 127; Failed; 
tptp-problems/euclid-native-eq/041_lemma_twolines.p; Larusstl ; 118; Failed; 
tptp-problems/euclid-native-eq/042_lemma_equalanglessymmetric.p; Larusstl ; 136; Failed; 
tptp-problems/euclid-native-eq/042_lemma_equaltorightisright.p; Larusstl ; 136; Failed; 
tptp-problems/euclid-native-eq/042_proposition_19.p; Larusstl ; 101; Failed; 
tptp-problems/euclid-native-eq/042_proposition_40.p; Larusstl ; 136; Failed; 
tptp-problems/euclid-native-eq/043_lemma_angledistinct.p; Larusstl ; 100; Failed; 
tptp-problems/euclid-native-eq/044_lemma_equalanglestransitive.p; Larusstl ; 136; Failed; 
tptp-problems/euclid-native-eq/044_lemma_PGrectangle.p; Larusstl ; 143; Failed; 
tptp-problems/euclid-native-eq/044_lemma_subtractequals.p; Larusstl ; 101; Failed; 
tptp-problems/euclid-native-eq/044_lemma_trapezoiddiagonals.p; Larusstl ; 136; Failed; 
tptp-problems/euclid-native-eq/044_proposition_33.p; Larusstl ; 136; Failed; 
tptp-problems/euclid-native-eq/045_lemma_21helper.p; Larusstl ; 136; Failed; 
tptp-problems/euclid-native-eq/045_lemma_collinearparallel2.p; Larusstl ; 101; Failed; 
tptp-problems/euclid-native-eq/045_lemma_droppedperpendicularunique.p; Larusstl ; 136; Failed; 
tptp-problems/euclid-native-eq/045_lemma_outerconnectivity.p; Larusstl ; 136; Failed; 
tptp-problems/euclid-native-eq/045_lemma_tarskiparallelflip.p; Larusstl ; 118; Failed; 
tptp-problems/euclid-native-eq/046_lemma_interior5.p; Larusstl ; 136; Failed; 
tptp-problems/euclid-native-eq/046_lemma_lessthancongruence.p; Larusstl ; 136; Failed; 
tptp-problems/euclid-native-eq/047_lemma_parallelcollinear.p; Larusstl ; 4; Proved; 
tptp-problems/euclid-native-eq/047_lemma_parallelflip.p; Larusstl ; 136; Failed; 
tptp-problems/euclid-native-eq/048_lemma_8_2.p; Larusstl ; 136; Failed; 
tptp-problems/euclid-native-eq/048_lemma_oppositesidesymmetric.p; Larusstl ; 119; Failed; 
tptp-problems/euclid-native-eq/048_lemma_parallelPasch.p; Larusstl ; 136; Failed; 
tptp-problems/euclid-native-eq/048_lemma_tworays.p; Larusstl ; 0; Proved; 
tptp-problems/euclid-native-eq/048_proposition_14.p; Larusstl ; 136; Failed; 
tptp-problems/euclid-native-eq/049_lemma_equalanglesNC.p; Larusstl ; 122; Failed; 
tptp-problems/euclid-native-eq/050_lemma_paralleldef2A.p; Larusstl ; 136; Failed; 
tptp-problems/euclid-native-eq/056_lemma_fiveline.p; Larusstl ; 105; Failed; 
tptp-problems/euclid-native-eq/056_lemma_midpointunique.p; Larusstl ; 136; Failed; 
tptp-problems/euclid-native-eq/059_lemma_differenceofparts.p; Larusstl ; 136; Failed; 
tptp-problems/euclid-native-eq/059_lemma_squaresequal.p; Larusstl ; 136; Failed; 
tptp-problems/euclid-native-eq/059_proposition_29B.p; Larusstl ; 136; Failed; 
tptp-problems/euclid-native-eq/059_proposition_38.p; Larusstl ; 136; Failed; 
tptp-problems/euclid-native-eq/060_lemma_lessthantransitive.p; Larusstl ; 136; Failed; 
tptp-problems/euclid-native-eq/062_proposition_37.p; Larusstl ; 136; Failed; 
tptp-problems/euclid-native-eq/064_proposition_47.p; Larusstl ; 136; Failed; 
tptp-problems/euclid-native-eq/065_proposition_12.p; Larusstl ; 136; Failed; 
tptp-problems/euclid-native-eq/066_proposition_30B.p; Larusstl ; 136; Failed; 
tptp-problems/euclid-native-eq/067_lemma_10_12.p; Larusstl ; 136; Failed; 
tptp-problems/euclid-native-eq/067_proposition_44.p; Larusstl ; 136; Failed; 
tptp-problems/euclid-native-eq/068_lemma_Playfairhelper.p; Larusstl ; 136; Failed; 
tptp-problems/euclid-native-eq/069_proposition_06a.p; Larusstl ; 136; Failed; 
tptp-problems/euclid-native-eq/070_lemma_collinearright.p; Larusstl ; 119; Failed; 
tptp-problems/euclid-native-eq/070_proposition_01.p; Larusstl ; 136; Failed; 
tptp-problems/euclid-native-eq/070_proposition_48.p; Larusstl ; 136; Failed; 
tptp-problems/euclid-native-eq/072_lemma_altitudebisectsbase.p; Larusstl ; 178; Failed; 
tptp-problems/euclid-native-eq/072_lemma_legsmallerhypotenuse.p; Larusstl ; 136; Failed; 
tptp-problems/euclid-native-eq/072_proposition_09.p; Larusstl ; 136; Failed; 
tptp-problems/euclid-native-eq/073_lemma_26helper.p; Larusstl ; 136; Failed; 
tptp-problems/euclid-native-eq/073_lemma_angleordertransitive.p; Larusstl ; 136; Failed; 
tptp-problems/euclid-native-eq/073_lemma_collinearitypreserved.p; Larusstl ; 119; Failed; 
tptp-problems/euclid-native-eq/074_lemma_lessthanadditive.p; Larusstl ; 136; Failed; 
tptp-problems/euclid-native-eq/075_proposition_29C.p; Larusstl ; 136; Failed; 
tptp-problems/euclid-native-eq/076_proposition_23.p; Larusstl ; 137; Failed; 
tptp-problems/euclid-native-eq/079_lemma_30helper.p; Larusstl ; 136; Failed; 
tptp-problems/euclid-native-eq/079_lemma_triangletoparallelogram.p; Larusstl ; 136; Failed; 
tptp-problems/euclid-native-eq/082_lemma_angleaddition.p; Larusstl ; 136; Failed; 
tptp-problems/euclid-native-eq/082_proposition_21.p; Larusstl ; 136; Failed; 
tptp-problems/euclid-native-eq/083_lemma_angleorderrespectscongruence.p; Larusstl ; 136; Failed; 
tptp-problems/euclid-native-eq/084_lemma_crossbar2.p; Larusstl ; 136; Failed; 
tptp-problems/euclid-native-eq/084_proposition_34.p; Larusstl ; 136; Failed; 
tptp-problems/euclid-native-eq/085_lemma_squareunique.p; Larusstl ; 137; Failed; 
tptp-problems/euclid-native-eq/086_lemma_9_5a.p; Larusstl ; 136; Failed; 
tptp-problems/euclid-native-eq/087_proposition_36.p; Larusstl ; 136; Failed; 
tptp-problems/euclid-native-eq/090_lemma_rectangleparallelogram.p; Larusstl ; 136; Failed; 
tptp-problems/euclid-native-eq/091_proposition_08.p; Larusstl ; 100; Failed; 
tptp-problems/euclid-native-eq/093_lemma_9_5b.p; Larusstl ; 136; Failed; 
tptp-problems/euclid-native-eq/095_proposition_18.p; Larusstl ; 136; Failed; 
tptp-problems/euclid-native-eq/097_lemma_Playfairhelper2.p; Larusstl ; 136; Failed; 
tptp-problems/euclid-native-eq/098_lemma_parallelbetween.p; Larusstl ; 145; Failed; 
tptp-problems/euclid-native-eq/100_proposition_15.p; Larusstl ; 119; Failed; 
tptp-problems/euclid-native-eq/100_proposition_39.p; Larusstl ; 136; Failed; 
tptp-problems/euclid-native-eq/104_proposition_48A.p; Larusstl ; 136; Failed; 
tptp-problems/euclid-native-eq/105_proposition_17.p; Larusstl ; 136; Failed; 
tptp-problems/euclid-native-eq/108_proposition_20.p; Larusstl ; 136; Failed; 
tptp-problems/euclid-native-eq/109_proposition_42B.p; Larusstl ; 136; Failed; 
tptp-problems/euclid-native-eq/111_lemma_diagonalsbisect.p; Larusstl ; 136; Failed; 
tptp-problems/euclid-native-eq/112_lemma_squareparallelogram.p; Larusstl ; 136; Failed; 
tptp-problems/euclid-native-eq/114_proposition_26A.p; Larusstl ; 136; Failed; 
tptp-problems/euclid-native-eq/116_lemma_layoffunique.p; Larusstl ; 101; Failed; 
tptp-problems/euclid-native-eq/116_proposition_30A.p; Larusstl ; 136; Failed; 
tptp-problems/euclid-native-eq/122_lemma_Euclid4.p; Larusstl ; 136; Failed; 
tptp-problems/euclid-native-eq/125_proposition_11B.p; Larusstl ; 136; Failed; 
tptp-problems/euclid-native-eq/127_lemma_rightangleNC.p; Larusstl ; 122; Failed; 
tptp-problems/euclid-native-eq/127_lemma_supplementinequality.p; Larusstl ; 136; Failed; 
tptp-problems/euclid-native-eq/133_lemma_9_5.p; Larusstl ; 136; Failed; 
tptp-problems/euclid-native-eq/133_proposition_43B.p; Larusstl ; 136; Failed; 
tptp-problems/euclid-native-eq/134_lemma_crossbar.p; Larusstl ; 136; Failed; 
tptp-problems/euclid-native-eq/134_proposition_39A.p; Larusstl ; 136; Failed; 
tptp-problems/euclid-native-eq/138_lemma_notperp.p; Larusstl ; 137; Failed; 
tptp-problems/euclid-native-eq/138_lemma_parallelcollinear2.p; Larusstl ; 136; Failed; 
tptp-problems/euclid-native-eq/145_lemma_angletrichotomy.p; Larusstl ; 136; Failed; 
tptp-problems/euclid-native-eq/147_lemma_linereflectionisometry.p; Larusstl ; 136; Failed; 
tptp-problems/euclid-native-eq/147_lemma_sameside2.p; Larusstl ; 136; Failed; 
tptp-problems/euclid-native-eq/147_lemma_together2.p; Larusstl ; 136; Failed; 
tptp-problems/euclid-native-eq/150_lemma_pointreflectionisometry.p; Larusstl ; 136; Failed; 
tptp-problems/euclid-native-eq/150_proposition_10.p; Larusstl ; 178; Failed; 
tptp-problems/euclid-native-eq/154_lemma_collinearbetween.p; Larusstl ; 136; Failed; 
tptp-problems/euclid-native-eq/164_lemma_altitudeofrighttriangle.p; Larusstl ; 108; Failed; 
tptp-problems/euclid-native-eq/166_lemma_diagonalsmeet.p; Larusstl ; 137; Failed; 
tptp-problems/euclid-native-eq/166_proposition_45.p; Larusstl ; 136; Failed; 
tptp-problems/euclid-native-eq/173_proposition_31.p; Larusstl ; 136; Failed; 
tptp-problems/euclid-native-eq/175_lemma_collinear4.p; Larusstl ; 100; Failed; 
tptp-problems/euclid-native-eq/176_proposition_22.p; Larusstl ; 136; Failed; 
tptp-problems/euclid-native-eq/180_proposition_46.p; Larusstl ; 137; Failed; 
tptp-problems/euclid-native-eq/182_lemma_paralleldef2B.p; Larusstl ; 136; Failed; 
tptp-problems/euclid-native-eq/190_lemma_35helper.p; Larusstl ; 136; Failed; 
tptp-problems/euclid-native-eq/197_lemma_crisscross.p; Larusstl ; 136; Failed; 
tptp-problems/euclid-native-eq/199_proposition_47B.p; Larusstl ; 136; Failed; 
tptp-problems/euclid-native-eq/204_proposition_32.p; Larusstl ; 136; Failed; 
tptp-problems/euclid-native-eq/209_proposition_04.p; Larusstl ; 178; Failed; 
tptp-problems/euclid-native-eq/215_proposition_47A.p; Larusstl ; 136; Failed; 
tptp-problems/euclid-native-eq/225_proposition_29.p; Larusstl ; 136; Failed; 
tptp-problems/euclid-native-eq/243_proposition_44A.p; Larusstl ; 136; Failed; 
tptp-problems/euclid-native-eq/264_lemma_parallelcollinear1.p; Larusstl ; 136; Failed; 
tptp-problems/euclid-native-eq/268_proposition_23B.p; Larusstl ; 137; Failed; 
tptp-problems/euclid-native-eq/282_proposition_07.p; Larusstl ; 136; Failed; 
tptp-problems/euclid-native-eq/283_proposition_30.p; Larusstl ; 136; Failed; 
tptp-problems/euclid-native-eq/299_lemma_paste5.p; Larusstl ; 136; Failed; 
tptp-problems/euclid-native-eq/314_proposition_42.p; Larusstl ; 136; Failed; 
tptp-problems/euclid-native-eq/321_proposition_24.p; Larusstl ; 136; Failed; 
tptp-problems/euclid-native-eq/324_proposition_35A.p; Larusstl ; 136; Failed; 
tptp-problems/euclid-native-eq/352_proposition_16.p; Larusstl ; 136; Failed; 
tptp-problems/euclid-native-eq/379_proposition_27.p; Larusstl ; 136; Failed; 
tptp-problems/euclid-native-eq/461_proposition_35.p; Larusstl ; 136; Failed; 
tptp-problems/euclid-native-eq/551_lemma_angletrichotomy2.p; Larusstl ; 136; Failed; 
tptp-problems/euclid-native-eq/lemma_4_19.p; Larusstl ; 101; Failed; 
tptp-problems/euclid-native-eq/lemma_rightreflection.p; Larusstl ; 136; Failed; 
tptp-problems/euclid-native-eq/006_lemma_3_5b.p; Larusursa ; 100; Failed; 
tptp-problems/euclid-native-eq/006_lemma_congruencesymmetric.p; Larusursa ; 100; Failed; 
tptp-problems/euclid-native-eq/006_lemma_congruencetransitive.p; Larusursa ; 101; Failed; 
tptp-problems/euclid-native-eq/006_lemma_equalitysymmetric.p; Larusursa ; 100; Failed; 
tptp-problems/euclid-native-eq/006_proposition_31short.p; Larusursa ; 100; Failed; 
tptp-problems/euclid-native-eq/007_lemma_ETreflexive.p; Larusursa ; 100; Failed; 
tptp-problems/euclid-native-eq/007_lemma_ray2.p; Larusursa ; 100; Failed; 
tptp-problems/euclid-native-eq/007_lemma_ray5.p; Larusursa ; 101; Failed; 
tptp-problems/euclid-native-eq/007_lemma_raystrict.p; Larusursa ; 100; Failed; 
tptp-problems/euclid-native-eq/007_lemma_squarerectangle.p; Larusursa ; 100; Failed; 
tptp-problems/euclid-native-eq/008_lemma_3_6a.p; Larusursa ; 100; Failed; 
tptp-problems/euclid-native-eq/008_lemma_3_6b.p; Larusursa ; 100; Failed; 
tptp-problems/euclid-native-eq/008_lemma_3_7b.p; Larusursa ; 100; Failed; 
tptp-problems/euclid-native-eq/008_lemma_angleorderrespectscongruence2.p; Larusursa ; 100; Failed; 
tptp-problems/euclid-native-eq/008_lemma_equalanglesreflexive.p; Larusursa ; 100; Failed; 
tptp-problems/euclid-native-eq/008_lemma_lessthancongruence2.p; Larusursa ; 100; Failed; 
tptp-problems/euclid-native-eq/008_lemma_PGflip.p; Larusursa ; 100; Failed; 
tptp-problems/euclid-native-eq/008_lemma_supplementsymmetric.p; Larusursa ; 100; Failed; 
tptp-problems/euclid-native-eq/008_lemma_TCreflexive.p; Larusursa ; 100; Failed; 
tptp-problems/euclid-native-eq/008_lemma_TTorder.p; Larusursa ; 100; Failed; 
tptp-problems/euclid-native-eq/008_proposition_03.p; Larusursa ; 100; Failed; 
tptp-problems/euclid-native-eq/009_lemma_collinearorder.p; Larusursa ; 185; Failed; 
tptp-problems/euclid-native-eq/009_lemma_congruenceflip.p; Larusursa ; 100; Failed; 
tptp-problems/euclid-native-eq/009_lemma_doublereverse.p; Larusursa ; 101; Failed; 
tptp-problems/euclid-native-eq/009_lemma_equalangleshelper.p; Larusursa ; 100; Failed; 
tptp-problems/euclid-native-eq/009_lemma_lessthannotequal.p; Larusursa ; 100; Failed; 
tptp-problems/euclid-native-eq/009_lemma_oppositesideflip.p; Larusursa ; 101; Failed; 
tptp-problems/euclid-native-eq/009_lemma_PGrotate.p; Larusursa ; 100; Failed; 
tptp-problems/euclid-native-eq/009_lemma_PGsymmetric.p; Larusursa ; 100; Failed; 
tptp-problems/euclid-native-eq/009_lemma_RTcongruence.p; Larusursa ; 100; Failed; 
tptp-problems/euclid-native-eq/010_lemma_inequalitysymmetric.p; Larusursa ; 100; Failed; 
tptp-problems/euclid-native-eq/010_lemma_rayimpliescollinear.p; Larusursa ; 101; Failed; 
tptp-problems/euclid-native-eq/010_lemma_rectanglerotate.p; Larusursa ; 100; Failed; 
tptp-problems/euclid-native-eq/011_lemma_ray1.p; Larusursa ; 100; Failed; 
tptp-problems/euclid-native-eq/011_lemma_rightreverse.p; Larusursa ; 114; Failed; 
tptp-problems/euclid-native-eq/011_lemma_samesideflip.p; Larusursa ; 100; Failed; 
tptp-problems/euclid-native-eq/011_lemma_samesidetransitive.p; Larusursa ; 100; Failed; 
tptp-problems/euclid-native-eq/011_lemma_supplementofright.p; Larusursa ; 100; Failed; 
tptp-problems/euclid-native-eq/011_lemma_TTflip.p; Larusursa ; 101; Failed; 
tptp-problems/euclid-native-eq/012_lemma_3_7a.p; Larusursa ; 101; Failed; 
tptp-problems/euclid-native-eq/012_lemma_lessthanbetween.p; Larusursa ; 102; Failed; 
tptp-problems/euclid-native-eq/013_lemma_samesidesymmetric.p; Larusursa ; 100; Failed; 
tptp-problems/euclid-native-eq/013_lemma_squareflip.p; Larusursa ; 100; Failed; 
tptp-problems/euclid-native-eq/014_lemma_localextension.p; Larusursa ; 118; Failed; 
tptp-problems/euclid-native-eq/014_lemma_RTsymmetric.p; Larusursa ; 100; Failed; 
tptp-problems/euclid-native-eq/014_lemma_samenotopposite.p; Larusursa ; 101; Failed; 
tptp-problems/euclid-native-eq/015_lemma_crossimpliesopposite.p; Larusursa ; 100; Failed; 
tptp-problems/euclid-native-eq/015_lemma_parallelsymmetric.p; Larusursa ; 118; Failed; 
tptp-problems/euclid-native-eq/015_lemma_rectanglereverse.p; Larusursa ; 100; Failed; 
tptp-problems/euclid-native-eq/015_proposition_05.p; Larusursa ; 101; Failed; 
tptp-problems/euclid-native-eq/016_lemma_supplements2.p; Larusursa ; 136; Failed; 
tptp-problems/euclid-native-eq/017_lemma_collinear5.p; Larusursa ; 100; Failed; 
tptp-problems/euclid-native-eq/017_lemma_equalanglesflip.p; Larusursa ; 100; Failed; 
tptp-problems/euclid-native-eq/017_lemma_partnotequalwhole.p; Larusursa ; 118; Failed; 
tptp-problems/euclid-native-eq/017_lemma_samesidereflexive.p; Larusursa ; 101; Failed; 
tptp-problems/euclid-native-eq/017_lemma_trichotomy2.p; Larusursa ; 118; Failed; 
tptp-problems/euclid-native-eq/018_lemma_extensionunique.p; Larusursa ; 100; Failed; 
tptp-problems/euclid-native-eq/018_lemma_layoff.p; Larusursa ; 101; Failed; 
tptp-problems/euclid-native-eq/018_lemma_samesidecollinear.p; Larusursa ; 178; Failed; 
tptp-problems/euclid-native-eq/018_proposition_06.p; Larusursa ; 100; Failed; 
tptp-problems/euclid-native-eq/020_lemma_TGsymmetric.p; Larusursa ; 118; Failed; 
tptp-problems/euclid-native-eq/020_proposition_13.p; Larusursa ; 101; Failed; 
tptp-problems/euclid-native-eq/021_lemma_together.p; Larusursa ; 128; Failed; 
tptp-problems/euclid-native-eq/021_proposition_05b.p; Larusursa ; 101; Failed; 
tptp-problems/euclid-native-eq/022_lemma_TGflip.p; Larusursa ; 136; Failed; 
tptp-problems/euclid-native-eq/022_proposition_33B.p; Larusursa ; 101; Failed; 
tptp-problems/euclid-native-eq/023_lemma_collinearparallel.p; Larusursa ; 136; Failed; 
tptp-problems/euclid-native-eq/023_lemma_NChelper.p; Larusursa ; 101; Failed; 
tptp-problems/euclid-native-eq/024_lemma_betweennesspreserved.p; Larusursa ; 123; Failed; 
tptp-problems/euclid-native-eq/024_lemma_TTtransitive.p; Larusursa ; 136; Failed; 
tptp-problems/euclid-native-eq/025_lemma_NCdistinct.p; Larusursa ; 100; Failed; 
tptp-problems/euclid-native-eq/025_lemma_righttogether.p; Larusursa ; 108; Failed; 
tptp-problems/euclid-native-eq/025_lemma_TTflip2.p; Larusursa ; 136; Failed; 
tptp-problems/euclid-native-eq/025_lemma_twoperpsparallel.p; Larusursa ; 118; Failed; 
tptp-problems/euclid-native-eq/025_proposition_11.p; Larusursa ; 119; Failed; 
tptp-problems/euclid-native-eq/025_proposition_27B.p; Larusursa ; 118; Failed; 
tptp-problems/euclid-native-eq/026_proposition_26B.p; Larusursa ; 100; Failed; 
tptp-problems/euclid-native-eq/026_proposition_28C.p; Larusursa ; 118; Failed; 
tptp-problems/euclid-native-eq/026_proposition_28D.p; Larusursa ; 133; Failed; 
tptp-problems/euclid-native-eq/026_proposition_41.p; Larusursa ; 118; Failed; 
tptp-problems/euclid-native-eq/027_lemma_betweennotequal.p; Larusursa ; 100; Failed; 
tptp-problems/euclid-native-eq/027_lemma_erectedperpendicularunique.p; Larusursa ; 118; Failed; 
tptp-problems/euclid-native-eq/030_lemma_ray4_1.p; Larusursa ; 101; Failed; 
tptp-problems/euclid-native-eq/030_lemma_ray4_2.p; Larusursa ; 101; Failed; 
tptp-problems/euclid-native-eq/030_lemma_ray4_3.p; Larusursa ; 101; Failed; 
tptp-problems/euclid-native-eq/030_lemma_ray.p; Larusursa ; 136; Failed; 
tptp-problems/euclid-native-eq/030_lemma_trichotomy1.p; Larusursa ; 125; Failed; 
tptp-problems/euclid-native-eq/031_proposition_23C.p; Larusursa ; 136; Failed; 
tptp-problems/euclid-native-eq/032_lemma_8_3.p; Larusursa ; 136; Failed; 
tptp-problems/euclid-native-eq/032_lemma_ray3.p; Larusursa ; 136; Failed; 
tptp-problems/euclid-native-eq/033_lemma_collinear1.p; Larusursa ; 100; Failed; 
tptp-problems/euclid-native-eq/033_proposition_28A.p; Larusursa ; 133; Failed; 
tptp-problems/euclid-native-eq/034_lemma_extension.p; Larusursa ; 123; Failed; 
tptp-problems/euclid-native-eq/034_lemma_NCorder.p; Larusursa ; 101; Failed; 
tptp-problems/euclid-native-eq/034_lemma_Playfair.p; Larusursa ; 100; Failed; 
tptp-problems/euclid-native-eq/035_lemma_collinear2.p; Larusursa ; 100; Failed; 
tptp-problems/euclid-native-eq/035_lemma_EFreflexive.p; Larusursa ; 119; Failed; 
tptp-problems/euclid-native-eq/035_proposition_28B.p; Larusursa ; 136; Failed; 
tptp-problems/euclid-native-eq/035_proposition_43.p; Larusursa ; 136; Failed; 
tptp-problems/euclid-native-eq/036_lemma_8_7.p; Larusursa ; 119; Failed; 
tptp-problems/euclid-native-eq/038_lemma_ondiameter.p; Larusursa ; 100; Failed; 
tptp-problems/euclid-native-eq/038_proposition_25.p; Larusursa ; 100; Failed; 
tptp-problems/euclid-native-eq/039_lemma_ABCequalsCBA.p; Larusursa ; 136; Failed; 
tptp-problems/euclid-native-eq/040_lemma_parallelNC.p; Larusursa ; 119; Failed; 
tptp-problems/euclid-native-eq/040_proposition_02.p; Larusursa ; 136; Failed; 
tptp-problems/euclid-native-eq/040_proposition_36A.p; Larusursa ; 132; Failed; 
tptp-problems/euclid-native-eq/041_lemma_twolines.p; Larusursa ; 115; Failed; 
tptp-problems/euclid-native-eq/042_lemma_equalanglessymmetric.p; Larusursa ; 136; Failed; 
tptp-problems/euclid-native-eq/042_lemma_equaltorightisright.p; Larusursa ; 136; Failed; 
tptp-problems/euclid-native-eq/042_proposition_19.p; Larusursa ; 101; Failed; 
tptp-problems/euclid-native-eq/042_proposition_40.p; Larusursa ; 136; Failed; 
tptp-problems/euclid-native-eq/043_lemma_angledistinct.p; Larusursa ; 100; Failed; 
tptp-problems/euclid-native-eq/044_lemma_equalanglestransitive.p; Larusursa ; 136; Failed; 
tptp-problems/euclid-native-eq/044_lemma_PGrectangle.p; Larusursa ; 137; Failed; 
tptp-problems/euclid-native-eq/044_lemma_subtractequals.p; Larusursa ; 100; Failed; 
tptp-problems/euclid-native-eq/044_lemma_trapezoiddiagonals.p; Larusursa ; 136; Failed; 
tptp-problems/euclid-native-eq/044_proposition_33.p; Larusursa ; 136; Failed; 
tptp-problems/euclid-native-eq/045_lemma_21helper.p; Larusursa ; 137; Failed; 
tptp-problems/euclid-native-eq/045_lemma_collinearparallel2.p; Larusursa ; 100; Failed; 
tptp-problems/euclid-native-eq/045_lemma_droppedperpendicularunique.p; Larusursa ; 136; Failed; 
tptp-problems/euclid-native-eq/045_lemma_outerconnectivity.p; Larusursa ; 136; Failed; 
tptp-problems/euclid-native-eq/045_lemma_tarskiparallelflip.p; Larusursa ; 104; Failed; 
tptp-problems/euclid-native-eq/046_lemma_interior5.p; Larusursa ; 136; Failed; 
tptp-problems/euclid-native-eq/046_lemma_lessthancongruence.p; Larusursa ; 136; Failed; 
tptp-problems/euclid-native-eq/047_lemma_parallelcollinear.p; Larusursa ; 103; Failed; 
tptp-problems/euclid-native-eq/047_lemma_parallelflip.p; Larusursa ; 136; Failed; 
tptp-problems/euclid-native-eq/048_lemma_8_2.p; Larusursa ; 136; Failed; 
tptp-problems/euclid-native-eq/048_lemma_oppositesidesymmetric.p; Larusursa ; 120; Failed; 
tptp-problems/euclid-native-eq/048_lemma_parallelPasch.p; Larusursa ; 136; Failed; 
tptp-problems/euclid-native-eq/048_lemma_tworays.p; Larusursa ; 100; Failed; 
tptp-problems/euclid-native-eq/048_proposition_14.p; Larusursa ; 137; Failed; 
tptp-problems/euclid-native-eq/049_lemma_equalanglesNC.p; Larusursa ; 127; Failed; 
tptp-problems/euclid-native-eq/050_lemma_paralleldef2A.p; Larusursa ; 137; Failed; 
tptp-problems/euclid-native-eq/056_lemma_fiveline.p; Larusursa ; 100; Failed; 
tptp-problems/euclid-native-eq/056_lemma_midpointunique.p; Larusursa ; 136; Failed; 
tptp-problems/euclid-native-eq/059_lemma_differenceofparts.p; Larusursa ; 136; Failed; 
tptp-problems/euclid-native-eq/059_lemma_squaresequal.p; Larusursa ; 136; Failed; 
tptp-problems/euclid-native-eq/059_proposition_29B.p; Larusursa ; 136; Failed; 
tptp-problems/euclid-native-eq/059_proposition_38.p; Larusursa ; 136; Failed; 
tptp-problems/euclid-native-eq/060_lemma_lessthantransitive.p; Larusursa ; 136; Failed; 
tptp-problems/euclid-native-eq/062_proposition_37.p; Larusursa ; 136; Failed; 
tptp-problems/euclid-native-eq/064_proposition_47.p; Larusursa ; 136; Failed; 
tptp-problems/euclid-native-eq/065_proposition_12.p; Larusursa ; 137; Failed; 
tptp-problems/euclid-native-eq/066_proposition_30B.p; Larusursa ; 136; Failed; 
tptp-problems/euclid-native-eq/067_lemma_10_12.p; Larusursa ; 136; Failed; 
tptp-problems/euclid-native-eq/067_proposition_44.p; Larusursa ; 136; Failed; 
tptp-problems/euclid-native-eq/068_lemma_Playfairhelper.p; Larusursa ; 136; Failed; 
tptp-problems/euclid-native-eq/069_proposition_06a.p; Larusursa ; 136; Failed; 
tptp-problems/euclid-native-eq/070_lemma_collinearright.p; Larusursa ; 109; Failed; 
tptp-problems/euclid-native-eq/070_proposition_01.p; Larusursa ; 136; Failed; 
tptp-problems/euclid-native-eq/070_proposition_48.p; Larusursa ; 136; Failed; 
tptp-problems/euclid-native-eq/072_lemma_altitudebisectsbase.p; Larusursa ; 178; Failed; 
tptp-problems/euclid-native-eq/072_lemma_legsmallerhypotenuse.p; Larusursa ; 136; Failed; 
tptp-problems/euclid-native-eq/072_proposition_09.p; Larusursa ; 137; Failed; 
tptp-problems/euclid-native-eq/073_lemma_26helper.p; Larusursa ; 136; Failed; 
tptp-problems/euclid-native-eq/073_lemma_angleordertransitive.p; Larusursa ; 136; Failed; 
tptp-problems/euclid-native-eq/073_lemma_collinearitypreserved.p; Larusursa ; 118; Failed; 
tptp-problems/euclid-native-eq/074_lemma_lessthanadditive.p; Larusursa ; 136; Failed; 
tptp-problems/euclid-native-eq/075_proposition_29C.p; Larusursa ; 136; Failed; 
tptp-problems/euclid-native-eq/076_proposition_23.p; Larusursa ; 136; Failed; 
tptp-problems/euclid-native-eq/079_lemma_30helper.p; Larusursa ; 136; Failed; 
tptp-problems/euclid-native-eq/079_lemma_triangletoparallelogram.p; Larusursa ; 136; Failed; 
tptp-problems/euclid-native-eq/082_lemma_angleaddition.p; Larusursa ; 136; Failed; 
tptp-problems/euclid-native-eq/082_proposition_21.p; Larusursa ; 136; Failed; 
tptp-problems/euclid-native-eq/083_lemma_angleorderrespectscongruence.p; Larusursa ; 136; Failed; 
tptp-problems/euclid-native-eq/084_lemma_crossbar2.p; Larusursa ; 136; Failed; 
tptp-problems/euclid-native-eq/084_proposition_34.p; Larusursa ; 136; Failed; 
tptp-problems/euclid-native-eq/085_lemma_squareunique.p; Larusursa ; 136; Failed; 
tptp-problems/euclid-native-eq/086_lemma_9_5a.p; Larusursa ; 137; Failed; 
tptp-problems/euclid-native-eq/087_proposition_36.p; Larusursa ; 136; Failed; 
tptp-problems/euclid-native-eq/090_lemma_rectangleparallelogram.p; Larusursa ; 136; Failed; 
tptp-problems/euclid-native-eq/091_proposition_08.p; Larusursa ; 100; Failed; 
tptp-problems/euclid-native-eq/093_lemma_9_5b.p; Larusursa ; 136; Failed; 
tptp-problems/euclid-native-eq/095_proposition_18.p; Larusursa ; 136; Failed; 
tptp-problems/euclid-native-eq/097_lemma_Playfairhelper2.p; Larusursa ; 136; Failed; 
tptp-problems/euclid-native-eq/098_lemma_parallelbetween.p; Larusursa ; 153; Failed; 
tptp-problems/euclid-native-eq/100_proposition_15.p; Larusursa ; 118; Failed; 
tptp-problems/euclid-native-eq/100_proposition_39.p; Larusursa ; 136; Failed; 
tptp-problems/euclid-native-eq/104_proposition_48A.p; Larusursa ; 136; Failed; 
tptp-problems/euclid-native-eq/105_proposition_17.p; Larusursa ; 136; Failed; 
tptp-problems/euclid-native-eq/108_proposition_20.p; Larusursa ; 136; Failed; 
tptp-problems/euclid-native-eq/109_proposition_42B.p; Larusursa ; 136; Failed; 
tptp-problems/euclid-native-eq/111_lemma_diagonalsbisect.p; Larusursa ; 136; Failed; 
tptp-problems/euclid-native-eq/112_lemma_squareparallelogram.p; Larusursa ; 137; Failed; 
tptp-problems/euclid-native-eq/114_proposition_26A.p; Larusursa ; 136; Failed; 
tptp-problems/euclid-native-eq/116_lemma_layoffunique.p; Larusursa ; 101; Failed; 
tptp-problems/euclid-native-eq/116_proposition_30A.p; Larusursa ; 136; Failed; 
tptp-problems/euclid-native-eq/122_lemma_Euclid4.p; Larusursa ; 136; Failed; 
tptp-problems/euclid-native-eq/125_proposition_11B.p; Larusursa ; 136; Failed; 
tptp-problems/euclid-native-eq/127_lemma_rightangleNC.p; Larusursa ; 136; Failed; 
tptp-problems/euclid-native-eq/127_lemma_supplementinequality.p; Larusursa ; 136; Failed; 
tptp-problems/euclid-native-eq/133_lemma_9_5.p; Larusursa ; 136; Failed; 
tptp-problems/euclid-native-eq/133_proposition_43B.p; Larusursa ; 136; Failed; 
tptp-problems/euclid-native-eq/134_lemma_crossbar.p; Larusursa ; 136; Failed; 
tptp-problems/euclid-native-eq/134_proposition_39A.p; Larusursa ; 136; Failed; 
tptp-problems/euclid-native-eq/138_lemma_notperp.p; Larusursa ; 136; Failed; 
tptp-problems/euclid-native-eq/138_lemma_parallelcollinear2.p; Larusursa ; 136; Failed; 
tptp-problems/euclid-native-eq/145_lemma_angletrichotomy.p; Larusursa ; 136; Failed; 
tptp-problems/euclid-native-eq/147_lemma_linereflectionisometry.p; Larusursa ; 136; Failed; 
tptp-problems/euclid-native-eq/147_lemma_sameside2.p; Larusursa ; 136; Failed; 
tptp-problems/euclid-native-eq/147_lemma_together2.p; Larusursa ; 136; Failed; 
tptp-problems/euclid-native-eq/150_lemma_pointreflectionisometry.p; Larusursa ; 137; Failed; 
tptp-problems/euclid-native-eq/150_proposition_10.p; Larusursa ; 136; Failed; 
tptp-problems/euclid-native-eq/154_lemma_collinearbetween.p; Larusursa ; 136; Failed; 
tptp-problems/euclid-native-eq/164_lemma_altitudeofrighttriangle.p; Larusursa ; 118; Failed; 
tptp-problems/euclid-native-eq/166_lemma_diagonalsmeet.p; Larusursa ; 136; Failed; 
tptp-problems/euclid-native-eq/166_proposition_45.p; Larusursa ; 137; Failed; 
tptp-problems/euclid-native-eq/173_proposition_31.p; Larusursa ; 136; Failed; 
tptp-problems/euclid-native-eq/175_lemma_collinear4.p; Larusursa ; 102; Failed; 
tptp-problems/euclid-native-eq/176_proposition_22.p; Larusursa ; 136; Failed; 
tptp-problems/euclid-native-eq/180_proposition_46.p; Larusursa ; 136; Failed; 
tptp-problems/euclid-native-eq/182_lemma_paralleldef2B.p; Larusursa ; 136; Failed; 
tptp-problems/euclid-native-eq/190_lemma_35helper.p; Larusursa ; 136; Failed; 
tptp-problems/euclid-native-eq/197_lemma_crisscross.p; Larusursa ; 136; Failed; 
tptp-problems/euclid-native-eq/199_proposition_47B.p; Larusursa ; 136; Failed; 
tptp-problems/euclid-native-eq/204_proposition_32.p; Larusursa ; 136; Failed; 
tptp-problems/euclid-native-eq/209_proposition_04.p; Larusursa ; 136; Failed; 
tptp-problems/euclid-native-eq/215_proposition_47A.p; Larusursa ; 136; Failed; 
tptp-problems/euclid-native-eq/225_proposition_29.p; Larusursa ; 136; Failed; 
tptp-problems/euclid-native-eq/243_proposition_44A.p; Larusursa ; 136; Failed; 
tptp-problems/euclid-native-eq/264_lemma_parallelcollinear1.p; Larusursa ; 136; Failed; 
tptp-problems/euclid-native-eq/268_proposition_23B.p; Larusursa ; 136; Failed; 
tptp-problems/euclid-native-eq/282_proposition_07.p; Larusursa ; 137; Failed; 
tptp-problems/euclid-native-eq/283_proposition_30.p; Larusursa ; 136; Failed; 
tptp-problems/euclid-native-eq/299_lemma_paste5.p; Larusursa ; 136; Failed; 
tptp-problems/euclid-native-eq/314_proposition_42.p; Larusursa ; 136; Failed; 
tptp-problems/euclid-native-eq/321_proposition_24.p; Larusursa ; 136; Failed; 
tptp-problems/euclid-native-eq/324_proposition_35A.p; Larusursa ; 136; Failed; 
tptp-problems/euclid-native-eq/352_proposition_16.p; Larusursa ; 136; Failed; 
tptp-problems/euclid-native-eq/379_proposition_27.p; Larusursa ; 136; Failed; 
tptp-problems/euclid-native-eq/461_proposition_35.p; Larusursa ; 136; Failed; 
tptp-problems/euclid-native-eq/551_lemma_angletrichotomy2.p; Larusursa ; 136; Failed; 
tptp-problems/euclid-native-eq/lemma_4_19.p; Larusursa ; 101; Failed; 
tptp-problems/euclid-native-eq/lemma_rightreflection.p; Larusursa ; 136; Failed; 
tptp-problems/euclid-native-eq/006_lemma_3_5b.p; Larus-i; 1; Proved; 
tptp-problems/euclid-native-eq/006_lemma_congruencesymmetric.p; Larus-i; 0; Proved; 
tptp-problems/euclid-native-eq/006_lemma_congruencetransitive.p; Larus-i; 1; Proved; 
tptp-problems/euclid-native-eq/006_lemma_equalitysymmetric.p; Larus-i; 1; Proved; 
tptp-problems/euclid-native-eq/006_proposition_31short.p; Larus-i; 1; Proved; 
tptp-problems/euclid-native-eq/007_lemma_ETreflexive.p; Larus-i; 1; Proved; 
tptp-problems/euclid-native-eq/007_lemma_ray2.p; Larus-i; 1; Proved; 
tptp-problems/euclid-native-eq/007_lemma_ray5.p; Larus-i; 5; Proved; 
tptp-problems/euclid-native-eq/007_lemma_raystrict.p; Larus-i; 1; Proved; 
tptp-problems/euclid-native-eq/007_lemma_squarerectangle.p; Larus-i; 1; Proved; 
tptp-problems/euclid-native-eq/008_lemma_3_6a.p; Larus-i; 0; Proved; 
tptp-problems/euclid-native-eq/008_lemma_3_6b.p; Larus-i; 1; Proved; 
tptp-problems/euclid-native-eq/008_lemma_3_7b.p; Larus-i; 1; Proved; 
tptp-problems/euclid-native-eq/008_lemma_angleorderrespectscongruence2.p; Larus-i; 1; Proved; 
tptp-problems/euclid-native-eq/008_lemma_equalanglesreflexive.p; Larus-i; 1; Proved; 
tptp-problems/euclid-native-eq/008_lemma_lessthancongruence2.p; Larus-i; 1; Proved; 
tptp-problems/euclid-native-eq/008_lemma_PGflip.p; Larus-i; 1; Proved; 
tptp-problems/euclid-native-eq/008_lemma_supplementsymmetric.p; Larus-i; 0; Proved; 
tptp-problems/euclid-native-eq/008_lemma_TCreflexive.p; Larus-i; 1; Proved; 
tptp-problems/euclid-native-eq/008_lemma_TTorder.p; Larus-i; 1; Proved; 
tptp-problems/euclid-native-eq/008_proposition_03.p; Larus-i; 1; Proved; 
tptp-problems/euclid-native-eq/009_lemma_collinearorder.p; Larus-i; 3; Proved; 
tptp-problems/euclid-native-eq/009_lemma_congruenceflip.p; Larus-i; 2; Proved; 
tptp-problems/euclid-native-eq/009_lemma_doublereverse.p; Larus-i; 1; Proved; 
tptp-problems/euclid-native-eq/009_lemma_equalangleshelper.p; Larus-i; 21; Proved; 
tptp-problems/euclid-native-eq/009_lemma_lessthannotequal.p; Larus-i; 1; Proved; 
tptp-problems/euclid-native-eq/009_lemma_oppositesideflip.p; Larus-i; 9; Proved; 
tptp-problems/euclid-native-eq/009_lemma_PGrotate.p; Larus-i; 1; Proved; 
tptp-problems/euclid-native-eq/009_lemma_PGsymmetric.p; Larus-i; 1; Proved; 
tptp-problems/euclid-native-eq/009_lemma_RTcongruence.p; Larus-i; 1; Proved; 
tptp-problems/euclid-native-eq/010_lemma_inequalitysymmetric.p; Larus-i; 1; Proved; 
tptp-problems/euclid-native-eq/010_lemma_rayimpliescollinear.p; Larus-i; 1; Proved; 
tptp-problems/euclid-native-eq/010_lemma_rectanglerotate.p; Larus-i; 10; Proved; 
tptp-problems/euclid-native-eq/011_lemma_ray1.p; Larus-i; 4; Proved; 
tptp-problems/euclid-native-eq/011_lemma_rightreverse.p; Larus-i; 113; Failed; 
tptp-problems/euclid-native-eq/011_lemma_samesideflip.p; Larus-i; 101; Failed; 
tptp-problems/euclid-native-eq/011_lemma_samesidetransitive.p; Larus-i; 9; Proved; 
tptp-problems/euclid-native-eq/011_lemma_supplementofright.p; Larus-i; 7; Proved; 
tptp-problems/euclid-native-eq/011_lemma_TTflip.p; Larus-i; 7; Proved; 
tptp-problems/euclid-native-eq/012_lemma_3_7a.p; Larus-i; 5; Proved; 
tptp-problems/euclid-native-eq/012_lemma_lessthanbetween.p; Larus-i; 6; Proved; 
tptp-problems/euclid-native-eq/013_lemma_samesidesymmetric.p; Larus-i; 109; Failed; 
tptp-problems/euclid-native-eq/013_lemma_squareflip.p; Larus-i; 14; Proved; 
tptp-problems/euclid-native-eq/014_lemma_localextension.p; Larus-i; 52; Proved; 
tptp-problems/euclid-native-eq/014_lemma_RTsymmetric.p; Larus-i; 10; Proved; 
tptp-problems/euclid-native-eq/014_lemma_samenotopposite.p; Larus-i; 10; Proved; 
tptp-problems/euclid-native-eq/015_lemma_crossimpliesopposite.p; Larus-i; 116; Proved; 
tptp-problems/euclid-native-eq/015_lemma_parallelsymmetric.p; Larus-i; 118; Failed; 
tptp-problems/euclid-native-eq/015_lemma_rectanglereverse.p; Larus-i; 50; Proved; 
tptp-problems/euclid-native-eq/015_proposition_05.p; Larus-i; 19; Proved; 
tptp-problems/euclid-native-eq/016_lemma_supplements2.p; Larus-i; 136; Failed; 
tptp-problems/euclid-native-eq/017_lemma_collinear5.p; Larus-i; 4; Proved; 
tptp-problems/euclid-native-eq/017_lemma_equalanglesflip.p; Larus-i; 4; Proved; 
tptp-problems/euclid-native-eq/017_lemma_partnotequalwhole.p; Larus-i; 119; Failed; 
tptp-problems/euclid-native-eq/017_lemma_samesidereflexive.p; Larus-i; 8; Proved; 
tptp-problems/euclid-native-eq/017_lemma_trichotomy2.p; Larus-i; 54; Proved; 
tptp-problems/euclid-native-eq/018_lemma_extensionunique.p; Larus-i; 100; Failed; 
tptp-problems/euclid-native-eq/018_lemma_layoff.p; Larus-i; 15; Proved; 
tptp-problems/euclid-native-eq/018_lemma_samesidecollinear.p; Larus-i; 137; Failed; 
tptp-problems/euclid-native-eq/018_proposition_06.p; Larus-i; 8; Proved; 
tptp-problems/euclid-native-eq/020_lemma_TGsymmetric.p; Larus-i; 119; Failed; 
tptp-problems/euclid-native-eq/020_proposition_13.p; Larus-i; 101; Failed; 
tptp-problems/euclid-native-eq/021_lemma_together.p; Larus-i; 128; Failed; 
tptp-problems/euclid-native-eq/021_proposition_05b.p; Larus-i; 16; Proved; 
tptp-problems/euclid-native-eq/022_lemma_TGflip.p; Larus-i; 136; Failed; 
tptp-problems/euclid-native-eq/022_proposition_33B.p; Larus-i; 101; Failed; 
tptp-problems/euclid-native-eq/023_lemma_collinearparallel.p; Larus-i; 136; Failed; 
tptp-problems/euclid-native-eq/023_lemma_NChelper.p; Larus-i; 102; Failed; 
tptp-problems/euclid-native-eq/024_lemma_betweennesspreserved.p; Larus-i; 122; Failed; 
tptp-problems/euclid-native-eq/024_lemma_TTtransitive.p; Larus-i; 137; Failed; 
tptp-problems/euclid-native-eq/025_lemma_NCdistinct.p; Larus-i; 11; Proved; 
tptp-problems/euclid-native-eq/025_lemma_righttogether.p; Larus-i; 109; Failed; 
tptp-problems/euclid-native-eq/025_lemma_TTflip2.p; Larus-i; 136; Failed; 
tptp-problems/euclid-native-eq/025_lemma_twoperpsparallel.p; Larus-i; 119; Failed; 
tptp-problems/euclid-native-eq/025_proposition_11.p; Larus-i; 118; Failed; 
tptp-problems/euclid-native-eq/025_proposition_27B.p; Larus-i; 119; Failed; 
tptp-problems/euclid-native-eq/026_proposition_26B.p; Larus-i; 101; Failed; 
tptp-problems/euclid-native-eq/026_proposition_28C.p; Larus-i; 118; Failed; 
tptp-problems/euclid-native-eq/026_proposition_28D.p; Larus-i; 133; Failed; 
tptp-problems/euclid-native-eq/026_proposition_41.p; Larus-i; 119; Failed; 
tptp-problems/euclid-native-eq/027_lemma_betweennotequal.p; Larus-i; 14; Proved; 
tptp-problems/euclid-native-eq/027_lemma_erectedperpendicularunique.p; Larus-i; 119; Failed; 
tptp-problems/euclid-native-eq/030_lemma_ray4_1.p; Larus-i; 3; Proved; 
tptp-problems/euclid-native-eq/030_lemma_ray4_2.p; Larus-i; 101; Failed; 
tptp-problems/euclid-native-eq/030_lemma_ray4_3.p; Larus-i; 1; Proved; 
tptp-problems/euclid-native-eq/030_lemma_ray.p; Larus-i; 138; Failed; 
tptp-problems/euclid-native-eq/030_lemma_trichotomy1.p; Larus-i; 125; Failed; 
tptp-problems/euclid-native-eq/031_proposition_23C.p; Larus-i; 136; Failed; 
tptp-problems/euclid-native-eq/032_lemma_8_3.p; Larus-i; 137; Failed; 
tptp-problems/euclid-native-eq/032_lemma_ray3.p; Larus-i; 136; Failed; 
tptp-problems/euclid-native-eq/033_lemma_collinear1.p; Larus-i; 100; Failed; 
tptp-problems/euclid-native-eq/033_proposition_28A.p; Larus-i; 134; Failed; 
tptp-problems/euclid-native-eq/034_lemma_extension.p; Larus-i; 124; Failed; 
tptp-problems/euclid-native-eq/034_lemma_NCorder.p; Larus-i; 9; Proved; 
tptp-problems/euclid-native-eq/034_lemma_Playfair.p; Larus-i; 25; Proved; 
tptp-problems/euclid-native-eq/035_lemma_collinear2.p; Larus-i; 100; Failed; 
tptp-problems/euclid-native-eq/035_lemma_EFreflexive.p; Larus-i; 119; Failed; 
tptp-problems/euclid-native-eq/035_proposition_28B.p; Larus-i; 136; Failed; 
tptp-problems/euclid-native-eq/035_proposition_43.p; Larus-i; 137; Failed; 
tptp-problems/euclid-native-eq/036_lemma_8_7.p; Larus-i; 119; Failed; 
tptp-problems/euclid-native-eq/038_lemma_ondiameter.p; Larus-i; 26; Proved; 
tptp-problems/euclid-native-eq/038_proposition_25.p; Larus-i; 100; Failed; 
tptp-problems/euclid-native-eq/039_lemma_ABCequalsCBA.p; Larus-i; 178; Failed; 
tptp-problems/euclid-native-eq/040_lemma_parallelNC.p; Larus-i; 119; Failed; 
tptp-problems/euclid-native-eq/040_proposition_02.p; Larus-i; 137; Failed; 
tptp-problems/euclid-native-eq/040_proposition_36A.p; Larus-i; 133; Failed; 
tptp-problems/euclid-native-eq/041_lemma_twolines.p; Larus-i; 114; Failed; 
tptp-problems/euclid-native-eq/042_lemma_equalanglessymmetric.p; Larus-i; 136; Failed; 
tptp-problems/euclid-native-eq/042_lemma_equaltorightisright.p; Larus-i; 137; Failed; 
tptp-problems/euclid-native-eq/042_proposition_19.p; Larus-i; 101; Failed; 
tptp-problems/euclid-native-eq/042_proposition_40.p; Larus-i; 136; Failed; 
tptp-problems/euclid-native-eq/043_lemma_angledistinct.p; Larus-i; 41; Proved; 
tptp-problems/euclid-native-eq/044_lemma_equalanglestransitive.p; Larus-i; 137; Failed; 
tptp-problems/euclid-native-eq/044_lemma_PGrectangle.p; Larus-i; 137; Failed; 
tptp-problems/euclid-native-eq/044_lemma_subtractequals.p; Larus-i; 101; Failed; 
tptp-problems/euclid-native-eq/044_lemma_trapezoiddiagonals.p; Larus-i; 136; Failed; 
tptp-problems/euclid-native-eq/044_proposition_33.p; Larus-i; 136; Failed; 
tptp-problems/euclid-native-eq/045_lemma_21helper.p; Larus-i; 137; Failed; 
tptp-problems/euclid-native-eq/045_lemma_collinearparallel2.p; Larus-i; 21; Proved; 
tptp-problems/euclid-native-eq/045_lemma_droppedperpendicularunique.p; Larus-i; 137; Failed; 
tptp-problems/euclid-native-eq/045_lemma_outerconnectivity.p; Larus-i; 136; Failed; 
tptp-problems/euclid-native-eq/045_lemma_tarskiparallelflip.p; Larus-i; 105; Failed; 
tptp-problems/euclid-native-eq/046_lemma_interior5.p; Larus-i; 136; Failed; 
tptp-problems/euclid-native-eq/046_lemma_lessthancongruence.p; Larus-i; 136; Failed; 
tptp-problems/euclid-native-eq/047_lemma_parallelcollinear.p; Larus-i; 104; Failed; 
tptp-problems/euclid-native-eq/047_lemma_parallelflip.p; Larus-i; 136; Failed; 
tptp-problems/euclid-native-eq/048_lemma_8_2.p; Larus-i; 137; Failed; 
tptp-problems/euclid-native-eq/048_lemma_oppositesidesymmetric.p; Larus-i; 121; Failed; 
tptp-problems/euclid-native-eq/048_lemma_parallelPasch.p; Larus-i; 136; Failed; 
tptp-problems/euclid-native-eq/048_lemma_tworays.p; Larus-i; 100; Failed; 
tptp-problems/euclid-native-eq/048_proposition_14.p; Larus-i; 137; Failed; 
tptp-problems/euclid-native-eq/049_lemma_equalanglesNC.p; Larus-i; 129; Failed; 
tptp-problems/euclid-native-eq/050_lemma_paralleldef2A.p; Larus-i; 136; Failed; 
tptp-problems/euclid-native-eq/056_lemma_fiveline.p; Larus-i; 101; Failed; 
tptp-problems/euclid-native-eq/056_lemma_midpointunique.p; Larus-i; 138; Failed; 
tptp-problems/euclid-native-eq/059_lemma_differenceofparts.p; Larus-i; 136; Failed; 
tptp-problems/euclid-native-eq/059_lemma_squaresequal.p; Larus-i; 137; Failed; 
tptp-problems/euclid-native-eq/059_proposition_29B.p; Larus-i; 137; Failed; 
tptp-problems/euclid-native-eq/059_proposition_38.p; Larus-i; 136; Failed; 
tptp-problems/euclid-native-eq/060_lemma_lessthantransitive.p; Larus-i; 136; Failed; 
tptp-problems/euclid-native-eq/062_proposition_37.p; Larus-i; 137; Failed; 
tptp-problems/euclid-native-eq/064_proposition_47.p; Larus-i; 136; Failed; 
tptp-problems/euclid-native-eq/065_proposition_12.p; Larus-i; 136; Failed; 
tptp-problems/euclid-native-eq/066_proposition_30B.p; Larus-i; 137; Failed; 
tptp-problems/euclid-native-eq/067_lemma_10_12.p; Larus-i; 136; Failed; 
tptp-problems/euclid-native-eq/067_proposition_44.p; Larus-i; 136; Failed; 
tptp-problems/euclid-native-eq/068_lemma_Playfairhelper.p; Larus-i; 137; Failed; 
tptp-problems/euclid-native-eq/069_proposition_06a.p; Larus-i; 136; Failed; 
tptp-problems/euclid-native-eq/070_lemma_collinearright.p; Larus-i; 110; Failed; 
tptp-problems/euclid-native-eq/070_proposition_01.p; Larus-i; 136; Failed; 
tptp-problems/euclid-native-eq/070_proposition_48.p; Larus-i; 137; Failed; 
tptp-problems/euclid-native-eq/072_lemma_altitudebisectsbase.p; Larus-i; 136; Failed; 
tptp-problems/euclid-native-eq/072_lemma_legsmallerhypotenuse.p; Larus-i; 136; Failed; 
tptp-problems/euclid-native-eq/072_proposition_09.p; Larus-i; 137; Failed; 
tptp-problems/euclid-native-eq/073_lemma_26helper.p; Larus-i; 136; Failed; 
tptp-problems/euclid-native-eq/073_lemma_angleordertransitive.p; Larus-i; 138; Failed; 
tptp-problems/euclid-native-eq/073_lemma_collinearitypreserved.p; Larus-i; 118; Failed; 
tptp-problems/euclid-native-eq/074_lemma_lessthanadditive.p; Larus-i; 136; Failed; 
tptp-problems/euclid-native-eq/075_proposition_29C.p; Larus-i; 137; Failed; 
tptp-problems/euclid-native-eq/076_proposition_23.p; Larus-i; 136; Failed; 
tptp-problems/euclid-native-eq/079_lemma_30helper.p; Larus-i; 136; Failed; 
tptp-problems/euclid-native-eq/079_lemma_triangletoparallelogram.p; Larus-i; 137; Failed; 
tptp-problems/euclid-native-eq/082_lemma_angleaddition.p; Larus-i; 136; Failed; 
tptp-problems/euclid-native-eq/082_proposition_21.p; Larus-i; 137; Failed; 
tptp-problems/euclid-native-eq/083_lemma_angleorderrespectscongruence.p; Larus-i; 136; Failed; 
tptp-problems/euclid-native-eq/084_lemma_crossbar2.p; Larus-i; 136; Failed; 
tptp-problems/euclid-native-eq/084_proposition_34.p; Larus-i; 137; Failed; 
tptp-problems/euclid-native-eq/085_lemma_squareunique.p; Larus-i; 137; Failed; 
tptp-problems/euclid-native-eq/086_lemma_9_5a.p; Larus-i; 136; Failed; 
tptp-problems/euclid-native-eq/087_proposition_36.p; Larus-i; 137; Failed; 
tptp-problems/euclid-native-eq/090_lemma_rectangleparallelogram.p; Larus-i; 136; Failed; 
tptp-problems/euclid-native-eq/091_proposition_08.p; Larus-i; 101; Failed; 
tptp-problems/euclid-native-eq/093_lemma_9_5b.p; Larus-i; 136; Failed; 
tptp-problems/euclid-native-eq/095_proposition_18.p; Larus-i; 137; Failed; 
tptp-problems/euclid-native-eq/097_lemma_Playfairhelper2.p; Larus-i; 136; Failed; 
tptp-problems/euclid-native-eq/098_lemma_parallelbetween.p; Larus-i; 154; Failed; 
tptp-problems/euclid-native-eq/100_proposition_15.p; Larus-i; 119; Failed; 
tptp-problems/euclid-native-eq/100_proposition_39.p; Larus-i; 136; Failed; 
tptp-problems/euclid-native-eq/104_proposition_48A.p; Larus-i; 137; Failed; 
tptp-problems/euclid-native-eq/105_proposition_17.p; Larus-i; 136; Failed; 
tptp-problems/euclid-native-eq/108_proposition_20.p; Larus-i; 137; Failed; 
tptp-problems/euclid-native-eq/109_proposition_42B.p; Larus-i; 137; Failed; 
tptp-problems/euclid-native-eq/111_lemma_diagonalsbisect.p; Larus-i; 136; Failed; 
tptp-problems/euclid-native-eq/112_lemma_squareparallelogram.p; Larus-i; 137; Failed; 
tptp-problems/euclid-native-eq/114_proposition_26A.p; Larus-i; 136; Failed; 
tptp-problems/euclid-native-eq/116_lemma_layoffunique.p; Larus-i; 101; Failed; 
tptp-problems/euclid-native-eq/116_proposition_30A.p; Larus-i; 137; Failed; 
tptp-problems/euclid-native-eq/122_lemma_Euclid4.p; Larus-i; 136; Failed; 
tptp-problems/euclid-native-eq/125_proposition_11B.p; Larus-i; 136; Failed; 
tptp-problems/euclid-native-eq/127_lemma_rightangleNC.p; Larus-i; 136; Failed; 
tptp-problems/euclid-native-eq/127_lemma_supplementinequality.p; Larus-i; 136; Failed; 
tptp-problems/euclid-native-eq/133_lemma_9_5.p; Larus-i; 137; Failed; 
tptp-problems/euclid-native-eq/133_proposition_43B.p; Larus-i; 136; Failed; 
tptp-problems/euclid-native-eq/134_lemma_crossbar.p; Larus-i; 137; Failed; 
tptp-problems/euclid-native-eq/134_proposition_39A.p; Larus-i; 136; Failed; 
tptp-problems/euclid-native-eq/138_lemma_notperp.p; Larus-i; 136; Failed; 
tptp-problems/euclid-native-eq/138_lemma_parallelcollinear2.p; Larus-i; 137; Failed; 
tptp-problems/euclid-native-eq/145_lemma_angletrichotomy.p; Larus-i; 137; Failed; 
tptp-problems/euclid-native-eq/147_lemma_linereflectionisometry.p; Larus-i; 136; Failed; 
tptp-problems/euclid-native-eq/147_lemma_sameside2.p; Larus-i; 136; Failed; 
tptp-problems/euclid-native-eq/147_lemma_together2.p; Larus-i; 137; Failed; 
tptp-problems/euclid-native-eq/150_lemma_pointreflectionisometry.p; Larus-i; 136; Failed; 
tptp-problems/euclid-native-eq/150_proposition_10.p; Larus-i; 136; Failed; 
tptp-problems/euclid-native-eq/154_lemma_collinearbetween.p; Larus-i; 137; Failed; 
tptp-problems/euclid-native-eq/164_lemma_altitudeofrighttriangle.p; Larus-i; 119; Failed; 
tptp-problems/euclid-native-eq/166_lemma_diagonalsmeet.p; Larus-i; 136; Failed; 
tptp-problems/euclid-native-eq/166_proposition_45.p; Larus-i; 137; Failed; 
tptp-problems/euclid-native-eq/173_proposition_31.p; Larus-i; 136; Failed; 
tptp-problems/euclid-native-eq/175_lemma_collinear4.p; Larus-i; 103; Failed; 
tptp-problems/euclid-native-eq/176_proposition_22.p; Larus-i; 137; Failed; 
tptp-problems/euclid-native-eq/180_proposition_46.p; Larus-i; 136; Failed; 
tptp-problems/euclid-native-eq/182_lemma_paralleldef2B.p; Larus-i; 137; Failed; 
tptp-problems/euclid-native-eq/190_lemma_35helper.p; Larus-i; 136; Failed; 
tptp-problems/euclid-native-eq/197_lemma_crisscross.p; Larus-i; 179; Failed; 
tptp-problems/euclid-native-eq/199_proposition_47B.p; Larus-i; 136; Failed; 
tptp-problems/euclid-native-eq/204_proposition_32.p; Larus-i; 137; Failed; 
tptp-problems/euclid-native-eq/209_proposition_04.p; Larus-i; 136; Failed; 
tptp-problems/euclid-native-eq/215_proposition_47A.p; Larus-i; 137; Failed; 
tptp-problems/euclid-native-eq/225_proposition_29.p; Larus-i; 136; Failed; 
tptp-problems/euclid-native-eq/243_proposition_44A.p; Larus-i; 137; Failed; 
tptp-problems/euclid-native-eq/264_lemma_parallelcollinear1.p; Larus-i; 136; Failed; 
tptp-problems/euclid-native-eq/268_proposition_23B.p; Larus-i; 136; Failed; 
tptp-problems/euclid-native-eq/282_proposition_07.p; Larus-i; 137; Failed; 
tptp-problems/euclid-native-eq/283_proposition_30.p; Larus-i; 136; Failed; 
tptp-problems/euclid-native-eq/299_lemma_paste5.p; Larus-i; 137; Failed; 
tptp-problems/euclid-native-eq/314_proposition_42.p; Larus-i; 137; Failed; 
tptp-problems/euclid-native-eq/321_proposition_24.p; Larus-i; 136; Failed; 
tptp-problems/euclid-native-eq/324_proposition_35A.p; Larus-i; 137; Failed; 
tptp-problems/euclid-native-eq/352_proposition_16.p; Larus-i; 136; Failed; 
tptp-problems/euclid-native-eq/379_proposition_27.p; Larus-i; 137; Failed; 
tptp-problems/euclid-native-eq/461_proposition_35.p; Larus-i; 136; Failed; 
tptp-problems/euclid-native-eq/551_lemma_angletrichotomy2.p; Larus-i; 137; Failed; 
tptp-problems/euclid-native-eq/lemma_4_19.p; Larus-i; 17; Proved; 
tptp-problems/euclid-native-eq/lemma_rightreflection.p; Larus-i; 137; Failed; 
tptp-problems/euclid-native-eq/006_lemma_3_5b.p; Larusbase; 3; Proved; 
tptp-problems/euclid-native-eq/006_lemma_congruencesymmetric.p; Larusbase; 1; Proved; 
tptp-problems/euclid-native-eq/006_lemma_congruencetransitive.p; Larusbase; 1; Proved; 
tptp-problems/euclid-native-eq/006_lemma_equalitysymmetric.p; Larusbase; 0; Proved; 
tptp-problems/euclid-native-eq/006_proposition_31short.p; Larusbase; 2; Proved; 
tptp-problems/euclid-native-eq/007_lemma_ETreflexive.p; Larusbase; 1; Proved; 
tptp-problems/euclid-native-eq/007_lemma_ray2.p; Larusbase; 0; Proved; 
tptp-problems/euclid-native-eq/007_lemma_ray5.p; Larusbase; 8; Proved; 
tptp-problems/euclid-native-eq/007_lemma_raystrict.p; Larusbase; 0; Proved; 
tptp-problems/euclid-native-eq/007_lemma_squarerectangle.p; Larusbase; 1; Proved; 
tptp-problems/euclid-native-eq/008_lemma_3_6a.p; Larusbase; 1; Proved; 
tptp-problems/euclid-native-eq/008_lemma_3_6b.p; Larusbase; 1; Proved; 
tptp-problems/euclid-native-eq/008_lemma_3_7b.p; Larusbase; 1; Proved; 
tptp-problems/euclid-native-eq/008_lemma_angleorderrespectscongruence2.p; Larusbase; 3; Proved; 
tptp-problems/euclid-native-eq/008_lemma_equalanglesreflexive.p; Larusbase; 1; Proved; 
tptp-problems/euclid-native-eq/008_lemma_lessthancongruence2.p; Larusbase; 1; Proved; 
tptp-problems/euclid-native-eq/008_lemma_PGflip.p; Larusbase; 1; Proved; 
tptp-problems/euclid-native-eq/008_lemma_supplementsymmetric.p; Larusbase; 1; Proved; 
tptp-problems/euclid-native-eq/008_lemma_TCreflexive.p; Larusbase; 1; Proved; 
tptp-problems/euclid-native-eq/008_lemma_TTorder.p; Larusbase; 1; Proved; 
tptp-problems/euclid-native-eq/008_proposition_03.p; Larusbase; 2; Proved; 
tptp-problems/euclid-native-eq/009_lemma_collinearorder.p; Larusbase; 3; Proved; 
tptp-problems/euclid-native-eq/009_lemma_congruenceflip.p; Larusbase; 2; Proved; 
tptp-problems/euclid-native-eq/009_lemma_doublereverse.p; Larusbase; 1; Proved; 
tptp-problems/euclid-native-eq/009_lemma_equalangleshelper.p; Larusbase; 9; Proved; 
tptp-problems/euclid-native-eq/009_lemma_lessthannotequal.p; Larusbase; 1; Proved; 
tptp-problems/euclid-native-eq/009_lemma_oppositesideflip.p; Larusbase; 3; Proved; 
tptp-problems/euclid-native-eq/009_lemma_PGrotate.p; Larusbase; 3; Proved; 
tptp-problems/euclid-native-eq/009_lemma_PGsymmetric.p; Larusbase; 1; Proved; 
tptp-problems/euclid-native-eq/009_lemma_RTcongruence.p; Larusbase; 2; Proved; 
tptp-problems/euclid-native-eq/010_lemma_inequalitysymmetric.p; Larusbase; 0; Proved; 
tptp-problems/euclid-native-eq/010_lemma_rayimpliescollinear.p; Larusbase; 1; Proved; 
tptp-problems/euclid-native-eq/010_lemma_rectanglerotate.p; Larusbase; 5; Proved; 
tptp-problems/euclid-native-eq/011_lemma_ray1.p; Larusbase; 6; Proved; 
tptp-problems/euclid-native-eq/011_lemma_rightreverse.p; Larusbase; 25; Proved; 
tptp-problems/euclid-native-eq/011_lemma_samesideflip.p; Larusbase; 49; Proved; 
tptp-problems/euclid-native-eq/011_lemma_samesidetransitive.p; Larusbase; 5; Proved; 
tptp-problems/euclid-native-eq/011_lemma_supplementofright.p; Larusbase; 2; Proved; 
tptp-problems/euclid-native-eq/011_lemma_TTflip.p; Larusbase; 2; Proved; 
tptp-problems/euclid-native-eq/012_lemma_3_7a.p; Larusbase; 3; Proved; 
tptp-problems/euclid-native-eq/012_lemma_lessthanbetween.p; Larusbase; 2; Proved; 
tptp-problems/euclid-native-eq/013_lemma_samesidesymmetric.p; Larusbase; 126; Proved; 
tptp-problems/euclid-native-eq/013_lemma_squareflip.p; Larusbase; 6; Proved; 
tptp-problems/euclid-native-eq/014_lemma_localextension.p; Larusbase; 22; Proved; 
tptp-problems/euclid-native-eq/014_lemma_RTsymmetric.p; Larusbase; 6; Proved; 
tptp-problems/euclid-native-eq/014_lemma_samenotopposite.p; Larusbase; 2; Proved; 
tptp-problems/euclid-native-eq/015_lemma_crossimpliesopposite.p; Larusbase; 16; Proved; 
tptp-problems/euclid-native-eq/015_lemma_parallelsymmetric.p; Larusbase; 121; Failed; 
tptp-problems/euclid-native-eq/015_lemma_rectanglereverse.p; Larusbase; 6; Proved; 
tptp-problems/euclid-native-eq/015_proposition_05.p; Larusbase; 2; Proved; 
tptp-problems/euclid-native-eq/016_lemma_supplements2.p; Larusbase; 106; Proved; 
tptp-problems/euclid-native-eq/017_lemma_collinear5.p; Larusbase; 6; Proved; 
tptp-problems/euclid-native-eq/017_lemma_equalanglesflip.p; Larusbase; 2; Proved; 
tptp-problems/euclid-native-eq/017_lemma_partnotequalwhole.p; Larusbase; 21; Proved; 
tptp-problems/euclid-native-eq/017_lemma_samesidereflexive.p; Larusbase; 3; Proved; 
tptp-problems/euclid-native-eq/017_lemma_trichotomy2.p; Larusbase; 41; Proved; 
tptp-problems/euclid-native-eq/018_lemma_extensionunique.p; Larusbase; 4; Proved; 
tptp-problems/euclid-native-eq/018_lemma_layoff.p; Larusbase; 2; Proved; 
tptp-problems/euclid-native-eq/018_lemma_samesidecollinear.p; Larusbase; 138; Failed; 
tptp-problems/euclid-native-eq/018_proposition_06.p; Larusbase; 3; Proved; 
tptp-problems/euclid-native-eq/020_lemma_TGsymmetric.p; Larusbase; 54; Proved; 
tptp-problems/euclid-native-eq/020_proposition_13.p; Larusbase; 100; Proved; 
tptp-problems/euclid-native-eq/021_lemma_together.p; Larusbase; 65; Proved; 
tptp-problems/euclid-native-eq/021_proposition_05b.p; Larusbase; 16; Proved; 
tptp-problems/euclid-native-eq/022_lemma_TGflip.p; Larusbase; 80; Proved; 
tptp-problems/euclid-native-eq/022_proposition_33B.p; Larusbase; 67; Proved; 
tptp-problems/euclid-native-eq/023_lemma_collinearparallel.p; Larusbase; 138; Failed; 
tptp-problems/euclid-native-eq/023_lemma_NChelper.p; Larusbase; 102; Failed; 
tptp-problems/euclid-native-eq/024_lemma_betweennesspreserved.p; Larusbase; 123; Failed; 
tptp-problems/euclid-native-eq/024_lemma_TTtransitive.p; Larusbase; 136; Failed; 
tptp-problems/euclid-native-eq/025_lemma_NCdistinct.p; Larusbase; 6; Proved; 
tptp-problems/euclid-native-eq/025_lemma_righttogether.p; Larusbase; 119; Failed; 
tptp-problems/euclid-native-eq/025_lemma_TTflip2.p; Larusbase; 137; Failed; 
tptp-problems/euclid-native-eq/025_lemma_twoperpsparallel.p; Larusbase; 31; Proved; 
tptp-problems/euclid-native-eq/025_proposition_11.p; Larusbase; 119; Failed; 
tptp-problems/euclid-native-eq/025_proposition_27B.p; Larusbase; 24; Proved; 
tptp-problems/euclid-native-eq/026_proposition_26B.p; Larusbase; 123; Proved; 
tptp-problems/euclid-native-eq/026_proposition_28C.p; Larusbase; 26; Proved; 
tptp-problems/euclid-native-eq/026_proposition_28D.p; Larusbase; 41; Proved; 
tptp-problems/euclid-native-eq/026_proposition_41.p; Larusbase; 119; Failed; 
tptp-problems/euclid-native-eq/027_lemma_betweennotequal.p; Larusbase; 4; Proved; 
tptp-problems/euclid-native-eq/027_lemma_erectedperpendicularunique.p; Larusbase; 119; Failed; 
tptp-problems/euclid-native-eq/030_lemma_ray4_1.p; Larusbase; 3; Proved; 
tptp-problems/euclid-native-eq/030_lemma_ray4_2.p; Larusbase; 101; Failed; 
tptp-problems/euclid-native-eq/030_lemma_ray4_3.p; Larusbase; 2; Proved; 
tptp-problems/euclid-native-eq/030_lemma_ray.p; Larusbase; 137; Failed; 
tptp-problems/euclid-native-eq/030_lemma_trichotomy1.p; Larusbase; 126; Failed; 
tptp-problems/euclid-native-eq/031_proposition_23C.p; Larusbase; 138; Failed; 
tptp-problems/euclid-native-eq/032_lemma_8_3.p; Larusbase; 137; Failed; 
tptp-problems/euclid-native-eq/032_lemma_ray3.p; Larusbase; 138; Failed; 
tptp-problems/euclid-native-eq/033_lemma_collinear1.p; Larusbase; 21; Proved; 
tptp-problems/euclid-native-eq/033_proposition_28A.p; Larusbase; 134; Failed; 
tptp-problems/euclid-native-eq/034_lemma_extension.p; Larusbase; 124; Failed; 
tptp-problems/euclid-native-eq/034_lemma_NCorder.p; Larusbase; 4; Proved; 
tptp-problems/euclid-native-eq/034_lemma_Playfair.p; Larusbase; 15; Proved; 
tptp-problems/euclid-native-eq/035_lemma_collinear2.p; Larusbase; 103; Failed; 
tptp-problems/euclid-native-eq/035_lemma_EFreflexive.p; Larusbase; 120; Failed; 
tptp-problems/euclid-native-eq/035_proposition_28B.p; Larusbase; 138; Failed; 
tptp-problems/euclid-native-eq/035_proposition_43.p; Larusbase; 73; Proved; 
tptp-problems/euclid-native-eq/036_lemma_8_7.p; Larusbase; 119; Failed; 
tptp-problems/euclid-native-eq/038_lemma_ondiameter.p; Larusbase; 47; Proved; 
tptp-problems/euclid-native-eq/038_proposition_25.p; Larusbase; 101; Failed; 
tptp-problems/euclid-native-eq/039_lemma_ABCequalsCBA.p; Larusbase; 139; Failed; 
tptp-problems/euclid-native-eq/040_lemma_parallelNC.p; Larusbase; 208; Failed; 
tptp-problems/euclid-native-eq/040_proposition_02.p; Larusbase; 137; Failed; 
tptp-problems/euclid-native-eq/040_proposition_36A.p; Larusbase; 134; Failed; 
tptp-problems/euclid-native-eq/041_lemma_twolines.p; Larusbase; 115; Failed; 
tptp-problems/euclid-native-eq/042_lemma_equalanglessymmetric.p; Larusbase; 137; Failed; 
tptp-problems/euclid-native-eq/042_lemma_equaltorightisright.p; Larusbase; 139; Failed; 
tptp-problems/euclid-native-eq/042_proposition_19.p; Larusbase; 54; Proved; 
tptp-problems/euclid-native-eq/042_proposition_40.p; Larusbase; 140; Failed; 
tptp-problems/euclid-native-eq/043_lemma_angledistinct.p; Larusbase; 11; Proved; 
tptp-problems/euclid-native-eq/044_lemma_equalanglestransitive.p; Larusbase; 137; Failed; 
tptp-problems/euclid-native-eq/044_lemma_PGrectangle.p; Larusbase; 139; Failed; 
tptp-problems/euclid-native-eq/044_lemma_subtractequals.p; Larusbase; 101; Failed; 
tptp-problems/euclid-native-eq/044_lemma_trapezoiddiagonals.p; Larusbase; 141; Failed; 
tptp-problems/euclid-native-eq/044_proposition_33.p; Larusbase; 139; Failed; 
tptp-problems/euclid-native-eq/045_lemma_21helper.p; Larusbase; 137; Failed; 
tptp-problems/euclid-native-eq/045_lemma_collinearparallel2.p; Larusbase; 18; Proved; 
tptp-problems/euclid-native-eq/045_lemma_droppedperpendicularunique.p; Larusbase; 139; Failed; 
tptp-problems/euclid-native-eq/045_lemma_outerconnectivity.p; Larusbase; 136; Failed; 
tptp-problems/euclid-native-eq/045_lemma_tarskiparallelflip.p; Larusbase; 41; Proved; 
tptp-problems/euclid-native-eq/046_lemma_interior5.p; Larusbase; 137; Failed; 
tptp-problems/euclid-native-eq/046_lemma_lessthancongruence.p; Larusbase; 138; Failed; 
tptp-problems/euclid-native-eq/047_lemma_parallelcollinear.p; Larusbase; 102; Failed; 
tptp-problems/euclid-native-eq/047_lemma_parallelflip.p; Larusbase; 137; Failed; 
tptp-problems/euclid-native-eq/048_lemma_8_2.p; Larusbase; 138; Failed; 
tptp-problems/euclid-native-eq/048_lemma_oppositesidesymmetric.p; Larusbase; 120; Failed; 
tptp-problems/euclid-native-eq/048_lemma_parallelPasch.p; Larusbase; 142; Failed; 
tptp-problems/euclid-native-eq/048_lemma_tworays.p; Larusbase; 100; Failed; 
tptp-problems/euclid-native-eq/048_proposition_14.p; Larusbase; 142; Failed; 
tptp-problems/euclid-native-eq/049_lemma_equalanglesNC.p; Larusbase; 128; Failed; 
tptp-problems/euclid-native-eq/050_lemma_paralleldef2A.p; Larusbase; 141; Failed; 
tptp-problems/euclid-native-eq/056_lemma_fiveline.p; Larusbase; 101; Failed; 
tptp-problems/euclid-native-eq/056_lemma_midpointunique.p; Larusbase; 138; Failed; 
tptp-problems/euclid-native-eq/059_lemma_differenceofparts.p; Larusbase; 136; Failed; 
tptp-problems/euclid-native-eq/059_lemma_squaresequal.p; Larusbase; 153; Failed; 
tptp-problems/euclid-native-eq/059_proposition_29B.p; Larusbase; 140; Failed; 
tptp-problems/euclid-native-eq/059_proposition_38.p; Larusbase; 152; Failed; 
tptp-problems/euclid-native-eq/060_lemma_lessthantransitive.p; Larusbase; 136; Failed; 
tptp-problems/euclid-native-eq/062_proposition_37.p; Larusbase; 146; Failed; 
tptp-problems/euclid-native-eq/064_proposition_47.p; Larusbase; 140; Failed; 
tptp-problems/euclid-native-eq/065_proposition_12.p; Larusbase; 140; Failed; 
tptp-problems/euclid-native-eq/066_proposition_30B.p; Larusbase; 141; Failed; 
tptp-problems/euclid-native-eq/067_lemma_10_12.p; Larusbase; 137; Failed; 
tptp-problems/euclid-native-eq/067_proposition_44.p; Larusbase; 148; Failed; 
tptp-problems/euclid-native-eq/068_lemma_Playfairhelper.p; Larusbase; 144; Failed; 
tptp-problems/euclid-native-eq/069_proposition_06a.p; Larusbase; 138; Failed; 
tptp-problems/euclid-native-eq/070_lemma_collinearright.p; Larusbase; 109; Failed; 
tptp-problems/euclid-native-eq/070_proposition_01.p; Larusbase; 137; Failed; 
tptp-problems/euclid-native-eq/070_proposition_48.p; Larusbase; 147; Failed; 
tptp-problems/euclid-native-eq/072_lemma_altitudebisectsbase.p; Larusbase; 140; Failed; 
tptp-problems/euclid-native-eq/072_lemma_legsmallerhypotenuse.p; Larusbase; 137; Failed; 
tptp-problems/euclid-native-eq/072_proposition_09.p; Larusbase; 138; Failed; 
tptp-problems/euclid-native-eq/073_lemma_26helper.p; Larusbase; 138; Failed; 
tptp-problems/euclid-native-eq/073_lemma_angleordertransitive.p; Larusbase; 137; Failed; 
tptp-problems/euclid-native-eq/073_lemma_collinearitypreserved.p; Larusbase; 118; Failed; 
tptp-problems/euclid-native-eq/074_lemma_lessthanadditive.p; Larusbase; 138; Failed; 
tptp-problems/euclid-native-eq/075_proposition_29C.p; Larusbase; 141; Failed; 
tptp-problems/euclid-native-eq/076_proposition_23.p; Larusbase; 143; Failed; 
tptp-problems/euclid-native-eq/079_lemma_30helper.p; Larusbase; 142; Failed; 
tptp-problems/euclid-native-eq/079_lemma_triangletoparallelogram.p; Larusbase; 146; Failed; 
tptp-problems/euclid-native-eq/082_lemma_angleaddition.p; Larusbase; 146; Failed; 
tptp-problems/euclid-native-eq/082_proposition_21.p; Larusbase; 138; Failed; 
tptp-problems/euclid-native-eq/083_lemma_angleorderrespectscongruence.p; Larusbase; 139; Failed; 
tptp-problems/euclid-native-eq/084_lemma_crossbar2.p; Larusbase; 142; Failed; 
tptp-problems/euclid-native-eq/084_proposition_34.p; Larusbase; 144; Failed; 
tptp-problems/euclid-native-eq/085_lemma_squareunique.p; Larusbase; 140; Failed; 
tptp-problems/euclid-native-eq/086_lemma_9_5a.p; Larusbase; 137; Failed; 
tptp-problems/euclid-native-eq/087_proposition_36.p; Larusbase; 145; Failed; 
tptp-problems/euclid-native-eq/090_lemma_rectangleparallelogram.p; Larusbase; 139; Failed; 
tptp-problems/euclid-native-eq/091_proposition_08.p; Larusbase; 102; Failed; 
tptp-problems/euclid-native-eq/093_lemma_9_5b.p; Larusbase; 137; Failed; 
tptp-problems/euclid-native-eq/095_proposition_18.p; Larusbase; 137; Failed; 
tptp-problems/euclid-native-eq/097_lemma_Playfairhelper2.p; Larusbase; 144; Failed; 
tptp-problems/euclid-native-eq/098_lemma_parallelbetween.p; Larusbase; 158; Failed; 
tptp-problems/euclid-native-eq/100_proposition_15.p; Larusbase; 119; Failed; 
tptp-problems/euclid-native-eq/100_proposition_39.p; Larusbase; 142; Failed; 
tptp-problems/euclid-native-eq/104_proposition_48A.p; Larusbase; 154; Failed; 
tptp-problems/euclid-native-eq/105_proposition_17.p; Larusbase; 139; Failed; 
tptp-problems/euclid-native-eq/108_proposition_20.p; Larusbase; 138; Failed; 
tptp-problems/euclid-native-eq/109_proposition_42B.p; Larusbase; 157; Failed; 
tptp-problems/euclid-native-eq/111_lemma_diagonalsbisect.p; Larusbase; 144; Failed; 
tptp-problems/euclid-native-eq/112_lemma_squareparallelogram.p; Larusbase; 142; Failed; 
tptp-problems/euclid-native-eq/114_proposition_26A.p; Larusbase; 141; Failed; 
tptp-problems/euclid-native-eq/116_lemma_layoffunique.p; Larusbase; 101; Failed; 
tptp-problems/euclid-native-eq/116_proposition_30A.p; Larusbase; 152; Failed; 
tptp-problems/euclid-native-eq/122_lemma_Euclid4.p; Larusbase; 142; Failed; 
tptp-problems/euclid-native-eq/125_proposition_11B.p; Larusbase; 141; Failed; 
tptp-problems/euclid-native-eq/127_lemma_rightangleNC.p; Larusbase; 137; Failed; 
tptp-problems/euclid-native-eq/127_lemma_supplementinequality.p; Larusbase; 139; Failed; 
tptp-problems/euclid-native-eq/133_lemma_9_5.p; Larusbase; 140; Failed; 
tptp-problems/euclid-native-eq/133_proposition_43B.p; Larusbase; 142; Failed; 
tptp-problems/euclid-native-eq/134_lemma_crossbar.p; Larusbase; 138; Failed; 
tptp-problems/euclid-native-eq/134_proposition_39A.p; Larusbase; 143; Failed; 
tptp-problems/euclid-native-eq/138_lemma_notperp.p; Larusbase; 138; Failed; 
tptp-problems/euclid-native-eq/138_lemma_parallelcollinear2.p; Larusbase; 140; Failed; 
tptp-problems/euclid-native-eq/145_lemma_angletrichotomy.p; Larusbase; 139; Failed; 
tptp-problems/euclid-native-eq/147_lemma_linereflectionisometry.p; Larusbase; 141; Failed; 
tptp-problems/euclid-native-eq/147_lemma_sameside2.p; Larusbase; 138; Failed; 
tptp-problems/euclid-native-eq/147_lemma_together2.p; Larusbase; 140; Failed; 
tptp-problems/euclid-native-eq/150_lemma_pointreflectionisometry.p; Larusbase; 140; Failed; 
tptp-problems/euclid-native-eq/150_proposition_10.p; Larusbase; 140; Failed; 
tptp-problems/euclid-native-eq/154_lemma_collinearbetween.p; Larusbase; 138; Failed; 
tptp-problems/euclid-native-eq/164_lemma_altitudeofrighttriangle.p; Larusbase; 119; Failed; 
tptp-problems/euclid-native-eq/166_lemma_diagonalsmeet.p; Larusbase; 143; Failed; 
tptp-problems/euclid-native-eq/166_proposition_45.p; Larusbase; 131; Failed; 
tptp-problems/euclid-native-eq/173_proposition_31.p; Larusbase; 142; Failed; 
tptp-problems/euclid-native-eq/175_lemma_collinear4.p; Larusbase; 103; Failed; 
tptp-problems/euclid-native-eq/176_proposition_22.p; Larusbase; 145; Failed; 
tptp-problems/euclid-native-eq/180_proposition_46.p; Larusbase; 150; Failed; 
tptp-problems/euclid-native-eq/182_lemma_paralleldef2B.p; Larusbase; 142; Failed; 
tptp-problems/euclid-native-eq/190_lemma_35helper.p; Larusbase; 148; Failed; 
tptp-problems/euclid-native-eq/197_lemma_crisscross.p; Larusbase; 145; Failed; 
tptp-problems/euclid-native-eq/199_proposition_47B.p; Larusbase; 146; Failed; 
tptp-problems/euclid-native-eq/204_proposition_32.p; Larusbase; 150; Failed; 
tptp-problems/euclid-native-eq/209_proposition_04.p; Larusbase; 140; Failed; 
tptp-problems/euclid-native-eq/215_proposition_47A.p; Larusbase; 157; Failed; 
tptp-problems/euclid-native-eq/225_proposition_29.p; Larusbase; 171; Failed; 
tptp-problems/euclid-native-eq/243_proposition_44A.p; Larusbase; 173; Failed; 
tptp-problems/euclid-native-eq/264_lemma_parallelcollinear1.p; Larusbase; 141; Failed; 
tptp-problems/euclid-native-eq/268_proposition_23B.p; Larusbase; 145; Failed; 
tptp-problems/euclid-native-eq/282_proposition_07.p; Larusbase; 144; Failed; 
tptp-problems/euclid-native-eq/283_proposition_30.p; Larusbase; 159; Failed; 
tptp-problems/euclid-native-eq/299_lemma_paste5.p; Larusbase; 169; Failed; 
tptp-problems/euclid-native-eq/314_proposition_42.p; Larusbase; 146; Failed; 
tptp-problems/euclid-native-eq/321_proposition_24.p; Larusbase; 143; Failed; 
tptp-problems/euclid-native-eq/324_proposition_35A.p; Larusbase; 146; Failed; 
tptp-problems/euclid-native-eq/352_proposition_16.p; Larusbase; 140; Failed; 
tptp-problems/euclid-native-eq/379_proposition_27.p; Larusbase; 152; Failed; 
tptp-problems/euclid-native-eq/461_proposition_35.p; Larusbase; 153; Failed; 
tptp-problems/euclid-native-eq/551_lemma_angletrichotomy2.p; Larusbase; 191; Failed; 
tptp-problems/euclid-native-eq/lemma_4_19.p; Larusbase; 4; Proved; 
tptp-problems/euclid-native-eq/lemma_rightreflection.p; Larusbase; 138; Failed; 
tptp-problems/euclid-native-eq/006_lemma_3_5b.p; Laruslia ; 0; Proved; 
tptp-problems/euclid-native-eq/006_lemma_congruencesymmetric.p; Laruslia ; 0; Proved; 
tptp-problems/euclid-native-eq/006_lemma_congruencetransitive.p; Laruslia ; 1; Proved; 
tptp-problems/euclid-native-eq/006_lemma_equalitysymmetric.p; Laruslia ; 0; Proved; 
tptp-problems/euclid-native-eq/006_proposition_31short.p; Laruslia ; 0; Proved; 
tptp-problems/euclid-native-eq/007_lemma_ETreflexive.p; Laruslia ; 1; Proved; 
tptp-problems/euclid-native-eq/007_lemma_ray2.p; Laruslia ; 0; Proved; 
tptp-problems/euclid-native-eq/007_lemma_ray5.p; Laruslia ; 10; Proved; 
tptp-problems/euclid-native-eq/007_lemma_raystrict.p; Laruslia ; 0; Proved; 
tptp-problems/euclid-native-eq/007_lemma_squarerectangle.p; Laruslia ; 0; Proved; 
tptp-problems/euclid-native-eq/008_lemma_3_6a.p; Laruslia ; 1; Proved; 
tptp-problems/euclid-native-eq/008_lemma_3_6b.p; Laruslia ; 0; Proved; 
tptp-problems/euclid-native-eq/008_lemma_3_7b.p; Laruslia ; 0; Proved; 
tptp-problems/euclid-native-eq/008_lemma_angleorderrespectscongruence2.p; Laruslia ; 1; Proved; 
tptp-problems/euclid-native-eq/008_lemma_equalanglesreflexive.p; Laruslia ; 0; Proved; 
tptp-problems/euclid-native-eq/008_lemma_lessthancongruence2.p; Laruslia ; 1; Proved; 
tptp-problems/euclid-native-eq/008_lemma_PGflip.p; Laruslia ; 0; Proved; 
tptp-problems/euclid-native-eq/008_lemma_supplementsymmetric.p; Laruslia ; 0; Proved; 
tptp-problems/euclid-native-eq/008_lemma_TCreflexive.p; Laruslia ; 1; Proved; 
tptp-problems/euclid-native-eq/008_lemma_TTorder.p; Laruslia ; 0; Proved; 
tptp-problems/euclid-native-eq/008_proposition_03.p; Laruslia ; 0; Proved; 
tptp-problems/euclid-native-eq/009_lemma_collinearorder.p; Laruslia ; 2; Proved; 
tptp-problems/euclid-native-eq/009_lemma_congruenceflip.p; Laruslia ; 0; Proved; 
tptp-problems/euclid-native-eq/009_lemma_doublereverse.p; Laruslia ; 1; Proved; 
tptp-problems/euclid-native-eq/009_lemma_equalangleshelper.p; Laruslia ; 2; Proved; 
tptp-problems/euclid-native-eq/009_lemma_lessthannotequal.p; Laruslia ; 1; Proved; 
tptp-problems/euclid-native-eq/009_lemma_oppositesideflip.p; Laruslia ; 0; Proved; 
tptp-problems/euclid-native-eq/009_lemma_PGrotate.p; Laruslia ; 0; Proved; 
tptp-problems/euclid-native-eq/009_lemma_PGsymmetric.p; Laruslia ; 1; Proved; 
tptp-problems/euclid-native-eq/009_lemma_RTcongruence.p; Laruslia ; 1; Proved; 
tptp-problems/euclid-native-eq/010_lemma_inequalitysymmetric.p; Laruslia ; 0; Proved; 
tptp-problems/euclid-native-eq/010_lemma_rayimpliescollinear.p; Laruslia ; 1; Proved; 
tptp-problems/euclid-native-eq/010_lemma_rectanglerotate.p; Laruslia ; 0; Proved; 
tptp-problems/euclid-native-eq/011_lemma_ray1.p; Laruslia ; 4; Proved; 
tptp-problems/euclid-native-eq/011_lemma_rightreverse.p; Laruslia ; 11; Proved; 
tptp-problems/euclid-native-eq/011_lemma_samesideflip.p; Laruslia ; 1; Proved; 
tptp-problems/euclid-native-eq/011_lemma_samesidetransitive.p; Laruslia ; 2; Proved; 
tptp-problems/euclid-native-eq/011_lemma_supplementofright.p; Laruslia ; 2; Proved; 
tptp-problems/euclid-native-eq/011_lemma_TTflip.p; Laruslia ; 0; Proved; 
tptp-problems/euclid-native-eq/012_lemma_3_7a.p; Laruslia ; 3; Proved; 
tptp-problems/euclid-native-eq/012_lemma_lessthanbetween.p; Laruslia ; 0; Proved; 
tptp-problems/euclid-native-eq/013_lemma_samesidesymmetric.p; Laruslia ; 3; Proved; 
tptp-problems/euclid-native-eq/013_lemma_squareflip.p; Laruslia ; 0; Proved; 
tptp-problems/euclid-native-eq/014_lemma_localextension.p; Laruslia ; 1; Proved; 
tptp-problems/euclid-native-eq/014_lemma_RTsymmetric.p; Laruslia ; 2; Proved; 
tptp-problems/euclid-native-eq/014_lemma_samenotopposite.p; Laruslia ; 3; Proved; 
tptp-problems/euclid-native-eq/015_lemma_crossimpliesopposite.p; Laruslia ; 4; Proved; 
tptp-problems/euclid-native-eq/015_lemma_parallelsymmetric.p; Laruslia ; 102; Failed; 
tptp-problems/euclid-native-eq/015_lemma_rectanglereverse.p; Laruslia ; 1; Proved; 
tptp-problems/euclid-native-eq/015_proposition_05.p; Laruslia ; 1; Proved; 
tptp-problems/euclid-native-eq/016_lemma_supplements2.p; Laruslia ; 78; Proved; 
tptp-problems/euclid-native-eq/017_lemma_collinear5.p; Laruslia ; 6; Proved; 
tptp-problems/euclid-native-eq/017_lemma_equalanglesflip.p; Laruslia ; 0; Proved; 
tptp-problems/euclid-native-eq/017_lemma_partnotequalwhole.p; Laruslia ; 53; Proved; 
tptp-problems/euclid-native-eq/017_lemma_samesidereflexive.p; Laruslia ; 29; Proved; 
tptp-problems/euclid-native-eq/017_lemma_trichotomy2.p; Laruslia ; 22; Proved; 
tptp-problems/euclid-native-eq/018_lemma_extensionunique.p; Laruslia ; 5; Proved; 
tptp-problems/euclid-native-eq/018_lemma_layoff.p; Laruslia ; 2; Proved; 
tptp-problems/euclid-native-eq/018_lemma_samesidecollinear.p; Laruslia ; 27; Proved; 
tptp-problems/euclid-native-eq/018_proposition_06.p; Laruslia ; 25; Proved; 
tptp-problems/euclid-native-eq/020_lemma_TGsymmetric.p; Laruslia ; 9; Proved; 
tptp-problems/euclid-native-eq/020_proposition_13.p; Laruslia ; 12; Proved; 
tptp-problems/euclid-native-eq/021_lemma_together.p; Laruslia ; 23; Proved; 
tptp-problems/euclid-native-eq/021_proposition_05b.p; Laruslia ; 71; Proved; 
tptp-problems/euclid-native-eq/022_lemma_TGflip.p; Laruslia ; 17; Proved; 
tptp-problems/euclid-native-eq/022_proposition_33B.p; Laruslia ; 102; Failed; 
tptp-problems/euclid-native-eq/023_lemma_collinearparallel.p; Laruslia ; 106; Failed; 
tptp-problems/euclid-native-eq/023_lemma_NChelper.p; Laruslia ; 101; Failed; 
tptp-problems/euclid-native-eq/024_lemma_betweennesspreserved.p; Laruslia ; 101; Failed; 
tptp-problems/euclid-native-eq/024_lemma_TTtransitive.p; Laruslia ; 102; Failed; 
tptp-problems/euclid-native-eq/025_lemma_NCdistinct.p; Laruslia ; 2; Proved; 
tptp-problems/euclid-native-eq/025_lemma_righttogether.p; Laruslia ; 171; Failed; 
tptp-problems/euclid-native-eq/025_lemma_TTflip2.p; Laruslia ; 101; Failed; 
tptp-problems/euclid-native-eq/025_lemma_twoperpsparallel.p; Laruslia ; 100; Failed; 
tptp-problems/euclid-native-eq/025_proposition_11.p; Laruslia ; 105; Failed; 
tptp-problems/euclid-native-eq/025_proposition_27B.p; Laruslia ; 3; Proved; 
tptp-problems/euclid-native-eq/026_proposition_26B.p; Laruslia ; 101; Failed; 
tptp-problems/euclid-native-eq/026_proposition_28C.p; Laruslia ; 6; Proved; 
tptp-problems/euclid-native-eq/026_proposition_28D.p; Laruslia ; 5; Proved; 
tptp-problems/euclid-native-eq/026_proposition_41.p; Laruslia ; 102; Failed; 
tptp-problems/euclid-native-eq/027_lemma_betweennotequal.p; Laruslia ; 6; Proved; 
tptp-problems/euclid-native-eq/027_lemma_erectedperpendicularunique.p; Laruslia ; 103; Failed; 
tptp-problems/euclid-native-eq/030_lemma_ray4_1.p; Laruslia ; 0; Proved; 
tptp-problems/euclid-native-eq/030_lemma_ray4_2.p; Laruslia ; 31; Proved; 
tptp-problems/euclid-native-eq/030_lemma_ray4_3.p; Laruslia ; 1; Proved; 
tptp-problems/euclid-native-eq/030_lemma_ray.p; Laruslia ; 101; Failed; 
tptp-problems/euclid-native-eq/030_lemma_trichotomy1.p; Laruslia ; 101; Failed; 
tptp-problems/euclid-native-eq/031_proposition_23C.p; Laruslia ; 102; Failed; 
tptp-problems/euclid-native-eq/032_lemma_8_3.p; Laruslia ; 102; Failed; 
tptp-problems/euclid-native-eq/032_lemma_ray3.p; Laruslia ; 100; Failed; 
tptp-problems/euclid-native-eq/033_lemma_collinear1.p; Laruslia ; 100; Failed; 
tptp-problems/euclid-native-eq/033_proposition_28A.p; Laruslia ; 101; Failed; 
tptp-problems/euclid-native-eq/034_lemma_extension.p; Laruslia ; 102; Failed; 
tptp-problems/euclid-native-eq/034_lemma_NCorder.p; Laruslia ; 2; Proved; 
tptp-problems/euclid-native-eq/034_lemma_Playfair.p; Laruslia ; 7; Proved; 
tptp-problems/euclid-native-eq/035_lemma_collinear2.p; Laruslia ; 101; Failed; 
tptp-problems/euclid-native-eq/035_lemma_EFreflexive.p; Laruslia ; 101; Failed; 
tptp-problems/euclid-native-eq/035_proposition_28B.p; Laruslia ; 102; Failed; 
tptp-problems/euclid-native-eq/035_proposition_43.p; Laruslia ; 17; Proved; 
tptp-problems/euclid-native-eq/036_lemma_8_7.p; Laruslia ; 103; Failed; 
tptp-problems/euclid-native-eq/038_lemma_ondiameter.p; Laruslia ; 101; Failed; 
tptp-problems/euclid-native-eq/038_proposition_25.p; Laruslia ; 101; Failed; 
tptp-problems/euclid-native-eq/039_lemma_ABCequalsCBA.p; Laruslia ; 102; Failed; 
tptp-problems/euclid-native-eq/040_lemma_parallelNC.p; Laruslia ; 106; Failed; 
tptp-problems/euclid-native-eq/040_proposition_02.p; Laruslia ; 101; Failed; 
tptp-problems/euclid-native-eq/040_proposition_36A.p; Laruslia ; 109; Failed; 
tptp-problems/euclid-native-eq/041_lemma_twolines.p; Laruslia ; 102; Failed; 
tptp-problems/euclid-native-eq/042_lemma_equalanglessymmetric.p; Laruslia ; 102; Failed; 
tptp-problems/euclid-native-eq/042_lemma_equaltorightisright.p; Laruslia ; 102; Failed; 
tptp-problems/euclid-native-eq/042_proposition_19.p; Laruslia ; 104; Failed; 
tptp-problems/euclid-native-eq/042_proposition_40.p; Laruslia ; 103; Failed; 
tptp-problems/euclid-native-eq/043_lemma_angledistinct.p; Laruslia ; 8; Proved; 
tptp-problems/euclid-native-eq/044_lemma_equalanglestransitive.p; Laruslia ; 101; Failed; 
tptp-problems/euclid-native-eq/044_lemma_PGrectangle.p; Laruslia ; 102; Failed; 
tptp-problems/euclid-native-eq/044_lemma_subtractequals.p; Laruslia ; 100; Failed; 
tptp-problems/euclid-native-eq/044_lemma_trapezoiddiagonals.p; Laruslia ; 103; Failed; 
tptp-problems/euclid-native-eq/044_proposition_33.p; Laruslia ; 110; Failed; 
tptp-problems/euclid-native-eq/045_lemma_21helper.p; Laruslia ; 100; Failed; 
tptp-problems/euclid-native-eq/045_lemma_collinearparallel2.p; Laruslia ; 101; Failed; 
tptp-problems/euclid-native-eq/045_lemma_droppedperpendicularunique.p; Laruslia ; 103; Failed; 
tptp-problems/euclid-native-eq/045_lemma_outerconnectivity.p; Laruslia ; 100; Failed; 
tptp-problems/euclid-native-eq/045_lemma_tarskiparallelflip.p; Laruslia ; 101; Failed; 
tptp-problems/euclid-native-eq/046_lemma_interior5.p; Laruslia ; 101; Failed; 
tptp-problems/euclid-native-eq/046_lemma_lessthancongruence.p; Laruslia ; 100; Failed; 
tptp-problems/euclid-native-eq/047_lemma_parallelcollinear.p; Laruslia ; 102; Failed; 
tptp-problems/euclid-native-eq/047_lemma_parallelflip.p; Laruslia ; 103; Failed; 
tptp-problems/euclid-native-eq/048_lemma_8_2.p; Laruslia ; 101; Failed; 
tptp-problems/euclid-native-eq/048_lemma_oppositesidesymmetric.p; Laruslia ; 102; Failed; 
tptp-problems/euclid-native-eq/048_lemma_parallelPasch.p; Laruslia ; 104; Failed; 
tptp-problems/euclid-native-eq/048_lemma_tworays.p; Laruslia ; 100; Failed; 
tptp-problems/euclid-native-eq/048_proposition_14.p; Laruslia ; 104; Failed; 
tptp-problems/euclid-native-eq/049_lemma_equalanglesNC.p; Laruslia ; 104; Failed; 
tptp-problems/euclid-native-eq/050_lemma_paralleldef2A.p; Laruslia ; 103; Failed; 
tptp-problems/euclid-native-eq/056_lemma_fiveline.p; Laruslia ; 102; Failed; 
tptp-problems/euclid-native-eq/056_lemma_midpointunique.p; Laruslia ; 101; Failed; 
tptp-problems/euclid-native-eq/059_lemma_differenceofparts.p; Laruslia ; 101; Failed; 
tptp-problems/euclid-native-eq/059_lemma_squaresequal.p; Laruslia ; 114; Failed; 
tptp-problems/euclid-native-eq/059_proposition_29B.p; Laruslia ; 102; Failed; 
tptp-problems/euclid-native-eq/059_proposition_38.p; Laruslia ; 113; Failed; 
tptp-problems/euclid-native-eq/060_lemma_lessthantransitive.p; Laruslia ; 102; Failed; 
tptp-problems/euclid-native-eq/062_proposition_37.p; Laruslia ; 109; Failed; 
tptp-problems/euclid-native-eq/064_proposition_47.p; Laruslia ; 102; Failed; 
tptp-problems/euclid-native-eq/065_proposition_12.p; Laruslia ; 102; Failed; 
tptp-problems/euclid-native-eq/066_proposition_30B.p; Laruslia ; 104; Failed; 
tptp-problems/euclid-native-eq/067_lemma_10_12.p; Laruslia ; 101; Failed; 
tptp-problems/euclid-native-eq/067_proposition_44.p; Laruslia ; 110; Failed; 
tptp-problems/euclid-native-eq/068_lemma_Playfairhelper.p; Laruslia ; 106; Failed; 
tptp-problems/euclid-native-eq/069_proposition_06a.p; Laruslia ; 101; Failed; 
tptp-problems/euclid-native-eq/070_lemma_collinearright.p; Laruslia ; 101; Failed; 
tptp-problems/euclid-native-eq/070_proposition_01.p; Laruslia ; 101; Failed; 
tptp-problems/euclid-native-eq/070_proposition_48.p; Laruslia ; 107; Failed; 
tptp-problems/euclid-native-eq/072_lemma_altitudebisectsbase.p; Laruslia ; 103; Failed; 
tptp-problems/euclid-native-eq/072_lemma_legsmallerhypotenuse.p; Laruslia ; 101; Failed; 
tptp-problems/euclid-native-eq/072_proposition_09.p; Laruslia ; 102; Failed; 
tptp-problems/euclid-native-eq/073_lemma_26helper.p; Laruslia ; 101; Failed; 
tptp-problems/euclid-native-eq/073_lemma_angleordertransitive.p; Laruslia ; 101; Failed; 
tptp-problems/euclid-native-eq/073_lemma_collinearitypreserved.p; Laruslia ; 101; Failed; 
tptp-problems/euclid-native-eq/074_lemma_lessthanadditive.p; Laruslia ; 101; Failed; 
tptp-problems/euclid-native-eq/075_proposition_29C.p; Laruslia ; 103; Failed; 
tptp-problems/euclid-native-eq/076_proposition_23.p; Laruslia ; 106; Failed; 
tptp-problems/euclid-native-eq/079_lemma_30helper.p; Laruslia ; 104; Failed; 
tptp-problems/euclid-native-eq/079_lemma_triangletoparallelogram.p; Laruslia ; 108; Failed; 
tptp-problems/euclid-native-eq/082_lemma_angleaddition.p; Laruslia ; 107; Failed; 
tptp-problems/euclid-native-eq/082_proposition_21.p; Laruslia ; 159; Failed; 
tptp-problems/euclid-native-eq/083_lemma_angleorderrespectscongruence.p; Laruslia ; 103; Failed; 
tptp-problems/euclid-native-eq/084_lemma_crossbar2.p; Laruslia ; 104; Failed; 
tptp-problems/euclid-native-eq/084_proposition_34.p; Laruslia ; 106; Failed; 
tptp-problems/euclid-native-eq/085_lemma_squareunique.p; Laruslia ; 102; Failed; 
tptp-problems/euclid-native-eq/086_lemma_9_5a.p; Laruslia ; 101; Failed; 
tptp-problems/euclid-native-eq/087_proposition_36.p; Laruslia ; 108; Failed; 
tptp-problems/euclid-native-eq/090_lemma_rectangleparallelogram.p; Laruslia ; 102; Failed; 
tptp-problems/euclid-native-eq/091_proposition_08.p; Laruslia ; 102; Failed; 
tptp-problems/euclid-native-eq/093_lemma_9_5b.p; Laruslia ; 101; Failed; 
tptp-problems/euclid-native-eq/095_proposition_18.p; Laruslia ; 104; Failed; 
tptp-problems/euclid-native-eq/097_lemma_Playfairhelper2.p; Laruslia ; 105; Failed; 
tptp-problems/euclid-native-eq/098_lemma_parallelbetween.p; Laruslia ; 103; Failed; 
tptp-problems/euclid-native-eq/100_proposition_15.p; Laruslia ; 101; Failed; 
tptp-problems/euclid-native-eq/100_proposition_39.p; Laruslia ; 105; Failed; 
tptp-problems/euclid-native-eq/104_proposition_48A.p; Laruslia ; 114; Failed; 
tptp-problems/euclid-native-eq/105_proposition_17.p; Laruslia ; 102; Failed; 
tptp-problems/euclid-native-eq/108_proposition_20.p; Laruslia ; 101; Failed; 
tptp-problems/euclid-native-eq/109_proposition_42B.p; Laruslia ; 117; Failed; 
tptp-problems/euclid-native-eq/111_lemma_diagonalsbisect.p; Laruslia ; 106; Failed; 
tptp-problems/euclid-native-eq/112_lemma_squareparallelogram.p; Laruslia ; 104; Failed; 
tptp-problems/euclid-native-eq/114_proposition_26A.p; Laruslia ; 104; Failed; 
tptp-problems/euclid-native-eq/116_lemma_layoffunique.p; Laruslia ; 101; Failed; 
tptp-problems/euclid-native-eq/116_proposition_30A.p; Laruslia ; 112; Failed; 
tptp-problems/euclid-native-eq/122_lemma_Euclid4.p; Laruslia ; 105; Failed; 
tptp-problems/euclid-native-eq/125_proposition_11B.p; Laruslia ; 103; Failed; 
tptp-problems/euclid-native-eq/127_lemma_rightangleNC.p; Laruslia ; 101; Failed; 
tptp-problems/euclid-native-eq/127_lemma_supplementinequality.p; Laruslia ; 102; Failed; 
tptp-problems/euclid-native-eq/133_lemma_9_5.p; Laruslia ; 103; Failed; 
tptp-problems/euclid-native-eq/133_proposition_43B.p; Laruslia ; 104; Failed; 
tptp-problems/euclid-native-eq/134_lemma_crossbar.p; Laruslia ; 102; Failed; 

